Year,Commodity Code,Crop Name,County Code,County,Harvested Acres,Yield,Production,Price P/U,Unit,Value,Yield Per Acre,Production Per Acre,Value Per Acre
1980,378299,TOMATOES PROCESSING,85,Santa Clara,4500,29.11,131000,48,TONS,6288000,0.006468888889,29.11111111,1397.333333
1980,378299,TOMATOES PROCESSING,31,Kings,839,26.6,22317,48,TONS,1064521,0.03170441001,26.59952324,1268.797378
1980,378299,TOMATOES PROCESSING,19,Fresno,34880,30.5,1064000,48,TONS,50753000,0.0008744266055,30.50458716,1455.074541
1980,261999,ALMONDS ALL,31,Kings,4847,0.52,2540,3033,TONS,7703820,0.0001072828554,0.5240354859,1589.399629
1980,261999,ALMONDS ALL,107,Tulare,8504,0.61,5190,3000,TONS,15570000,7.17E-05,0.6103010348,1830.903104
1980,261999,ALMONDS ALL,19,Fresno,23992,0.59,14200,3000,TONS,42600000,2.46E-05,0.5918639547,1775.591864
1980,216299,GRAPES WINE,1,Alameda,1660,2.36,3918,542,TONS,2125000,0.001421686747,2.360240964,1280.120482
1980,216299,GRAPES WINE,19,Fresno,35170,10.21,359100,174,TONS,62516000,0.0002903042366,10.2104066,1777.537674
1980,216299,GRAPES WINE,31,Kings,1122,7.9,8864,210,TONS,1861440,0.007040998217,7.900178253,1659.037433
1980,216299,GRAPES WINE,55,Napa,22261,3.6,80112,622,TONS,49863000,0.0001617178024,3.598760164,2239.926329
1980,216299,GRAPES WINE,65,Riverside,1701,4.77,8108,238,TONS,1932300,0.002804232804,4.766607878,1135.978836
1980,216299,GRAPES WINE,97,Sonoma,23639,3.34,78941,506,TONS,39982000,0.0001412919328,3.339439063,1691.357502
1980,216299,GRAPES WINE,107,Tulare,15159,8.88,134600,170,TONS,22902000,0.0005857906194,8.879213668,1510.785672
1981,378299,TOMATOES PROCESSING,85,Santa Clara,3000,28,84000,50,TONS,4200000,0.009333333333,28,1400
1981,378299,TOMATOES PROCESSING,19,Fresno,36640,28.6,1048000,51,TONS,53238000,0.0007805676856,28.60262009,1453.002183
1981,378299,TOMATOES PROCESSING,31,Kings,600,24,14400,51,TONS,731520,0.04,24,1219.2
1981,261999,ALMONDS ALL,31,Kings,4535,0.42,1909,2000,TONS,3818000,9.26E-05,0.4209481808,841.8963616
1981,261999,ALMONDS ALL,19,Fresno,23820,0.75,17900,1500,TONS,26850000,3.15E-05,0.7514693535,1127.20403
1981,261999,ALMONDS ALL,107,Tulare,8618,0.68,5860,1570,TONS,9200000,7.89E-05,0.6799721513,1067.53307
1981,216299,GRAPES WINE,19,Fresno,34210,8.54,292000,205,TONS,60000000,0.0002496346098,8.535515931,1753.873137
1981,216299,GRAPES WINE,31,Kings,1029,6.04,6215,230,TONS,1429450,0.005869776482,6.039844509,1389.164237
1981,216299,GRAPES WINE,1,Alameda,1725,2.82,4860,548,TONS,2662000,0.001634782609,2.817391304,1543.188406
1981,216299,GRAPES WINE,65,Riverside,2377,4.07,9667,404,TONS,3903200,0.001712242322,4.066891039,1642.069836
1981,216299,GRAPES WINE,55,Napa,22152,3.62,80155,732,TONS,58659000,0.0001634163958,3.618409173,2648.022752
1981,216299,GRAPES WINE,97,Sonoma,23776,3.39,80675,590,TONS,47626000,0.0001425807537,3.393127524,2003.112382
1981,216299,GRAPES WINE,107,Tulare,13431,9.48,127300,234,TONS,29760000,0.0007058297967,9.478073114,2215.769488
1982,378299,TOMATOES PROCESSING,85,Santa Clara,3600,23.06,83000,55,TONS,4554000,0.006405555556,23.05555556,1265
1982,378299,TOMATOES PROCESSING,19,Fresno,54370,31.89,1734000,56,TONS,96410000,0.000586536693,31.89258782,1773.220526
1982,261999,ALMONDS ALL,31,Kings,3436,0.57,1959,1613,TONS,3159865,0.0001658905704,0.5701396973,919.6347497
1982,261999,ALMONDS ALL,107,Tulare,8891,0.51,4530,1790,TONS,8109000,5.74E-05,0.5095039928,912.0458891
1982,261999,ALMONDS ALL,19,Fresno,23642,0.69,16300,1800,TONS,29340000,2.92E-05,0.6894509771,1241.011759
1982,216299,GRAPES WINE,55,Napa,24168,4.08,98687,773,TONS,76257000,0.0001688182721,4.08337471,3155.287984
1982,216299,GRAPES WINE,65,Riverside,2583,3.41,8810,249,TONS,2193400,0.001320170345,3.410762679,849.1676345
1982,216299,GRAPES WINE,85,Santa Clara,1732,3,5195,400,TONS,2078000,0.001732101617,2.999422633,1199.769053
1982,216299,GRAPES WINE,97,Sonoma,24746,4,98979,565,TONS,55910300,0.0001616422856,3.999797947,2259.36717
1982,216299,GRAPES WINE,107,Tulare,13671,8.19,112000,187,TONS,20916000,0.000599078341,8.192524322,1529.953917
1982,216299,GRAPES WINE,45,Mendocino,9667,4.7,45456,421,TONS,19137000,0.0004861901314,4.702182683,1979.621392
1982,216299,GRAPES WINE,1,Alameda,1610,3.93,6326,528,TONS,3342000,0.002440993789,3.929192547,2075.776398
1982,216299,GRAPES WINE,17,El Dorado,245,3.25,796,417,TONS,331800,0.01326530612,3.248979592,1354.285714
1982,216299,GRAPES WINE,19,Fresno,31691,11.19,354600,153,TONS,54187000,0.0003530970938,11.18929665,1709.854533
1982,216299,GRAPES WINE,31,Kings,1074,10.55,11331,124,TONS,1405045,0.009823091248,10.55027933,1308.235568
1983,378299,TOMATOES PROCESSING,85,Santa Clara,3200,29,92800,53,TONS,4918000,0.0090625,29,1536.875
1983,378299,TOMATOES PROCESSING,31,Kings,2278,25.8,58772,54,TONS,3156000,0.01132572432,25.79982441,1385.425812
1983,378299,TOMATOES PROCESSING,19,Fresno,60500,29.7,1797000,54,TONS,96499000,0.0004909090909,29.70247934,1595.024793
1983,261999,ALMONDS ALL,31,Kings,3756,0.46,1728,2300,TONS,3974000,0.0001224707135,0.4600638978,1058.040469
1983,261999,ALMONDS ALL,19,Fresno,24301,0.48,11700,2300,TONS,26910000,1.98E-05,0.4814616682,1107.361837
1983,261999,ALMONDS ALL,107,Tulare,9400,0.52,4890,2110,TONS,10318000,5.53E-05,0.520212766,1097.659574
1983,216299,GRAPES WINE,1,Alameda,1640,3.07,5042,424,TONS,2137000,0.00187195122,3.074390244,1303.04878
1983,216299,GRAPES WINE,85,Santa Clara,1645,2,3290,350,TONS,1152000,0.001215805471,2,700.3039514
1983,216299,GRAPES WINE,97,Sonoma,25541,3.14,80201,543,TONS,43514100,0.0001229395873,3.140088485,1703.696018
1983,216299,GRAPES WINE,107,Tulare,14045,9.04,127000,166,TONS,21050000,0.0006436454254,9.042363831,1498.754005
1983,216299,GRAPES WINE,17,El Dorado,253,4.7,1189,436,TONS,518300,0.0185770751,4.699604743,2048.616601
1983,216299,GRAPES WINE,19,Fresno,32885,8.8,289400,160,TONS,46327000,0.0002675992094,8.800364908,1408.757792
1983,216299,GRAPES WINE,31,Kings,1290,7.3,9417,141,TONS,1328000,0.005658914729,7.3,1029.457364
1983,216299,GRAPES WINE,45,Mendocino,10193,3.52,35850,408,TONS,14618500,0.0003453350338,3.517119592,1434.170509
1983,216299,GRAPES WINE,55,Napa,25245,3.53,89084,714,TONS,63604000,0.0001398296692,3.528777976,2519.469202
1983,216299,GRAPES WINE,65,Riverside,2583,4.12,10642,275,TONS,2923100,0.001595044522,4.120015486,1131.668602
1984,378299,TOMATOES PROCESSING,19,Fresno,65800,31.31,2060000,52,TONS,107120000,0.0004758358663,31.30699088,1627.963526
1984,378299,TOMATOES PROCESSING,31,Kings,2200,28.7,63140,52,TONS,3283000,0.01304545455,28.7,1492.272727
1984,378299,TOMATOES PROCESSING,85,Santa Clara,2700,30,81000,53,TONS,4293000,0.01111111111,30,1590
1984,261999,ALMONDS ALL,31,Kings,3872,0.94,3640,1700,TONS,6188000,0.000242768595,0.9400826446,1598.140496
1984,261999,ALMONDS ALL,107,Tulare,9636,0.79,7610,1700,TONS,12937000,8.20E-05,0.7897467829,1342.569531
1984,261999,ALMONDS ALL,19,Fresno,26300,0.94,24700,1800,TONS,44460000,3.57E-05,0.9391634981,1690.494297
1984,216299,GRAPES WINE,65,Riverside,2661,3.9,10378,335,TONS,3479700,0.001465614431,3.90003758,1307.666291
1984,216299,GRAPES WINE,97,Sonoma,26348,3.81,100293,592,TONS,59369600,0.0001446030059,3.806474875,2253.286777
1984,216299,GRAPES WINE,107,Tulare,14269,8.27,118000,160,TONS,18912000,0.0005795781064,8.26967552,1325.390707
1984,216299,GRAPES WINE,85,Santa Clara,1560,2.5,3900,300,TONS,1170000,0.001602564103,2.5,750
1984,216299,GRAPES WINE,55,Napa,24831,4.03,99996,768,TONS,76836000,0.0001622971286,4.027062946,3094.357859
1984,216299,GRAPES WINE,1,Alameda,1672,3.16,5286,398,TONS,2103000,0.001889952153,3.161483254,1257.77512
1984,216299,GRAPES WINE,17,El Dorado,313,4.4,1377,416,TONS,572300,0.01405750799,4.399361022,1828.434505
1984,216299,GRAPES WINE,19,Fresno,34434,8.68,298900,138,TONS,41346000,0.0002520764361,8.680374049,1200.731835
1984,216299,GRAPES WINE,31,Kings,1117,8.75,9774,100,TONS,977000,0.007833482543,8.750223814,874.6642793
1984,216299,GRAPES WINE,45,Mendocino,10384,3.72,38626,417,TONS,16116400,0.0003582434515,3.719761171,1552.041602
1985,378299,TOMATOES PROCESSING,19,Fresno,60600,31.5,1909000,51,TONS,98123000,0.0005198019802,31.50165017,1619.191419
1985,378299,TOMATOES PROCESSING,31,Kings,1330,26.32,35000,51,TONS,1799000,0.01978947368,26.31578947,1352.631579
1985,378299,TOMATOES PROCESSING,85,Santa Clara,3000,32,96000,53,TONS,5088000,0.01066666667,32,1696
1985,261999,ALMONDS ALL,31,Kings,3676,0.59,2169,1180,TONS,2559000,0.0001605005441,0.5900435256,696.1371055
1985,261999,ALMONDS ALL,107,Tulare,10367,0.62,6430,1280,TONS,8230000,5.98E-05,0.6202372914,793.865149
1985,261999,ALMONDS ALL,19,Fresno,31156,0.6,18700,1300,TONS,24310000,1.93E-05,0.6002054179,780.2670433
1985,216299,GRAPES WINE,65,Riverside,3006,3.71,11152,397,TONS,4428600,0.00123419827,3.709913506,1473.253493
1985,216299,GRAPES WINE,85,Santa Clara,1525,3,4575,310,TONS,1418000,0.001967213115,3,929.8360656
1985,216299,GRAPES WINE,97,Sonoma,28099,3.59,100962,572,TONS,57700792,0.0001277625538,3.593081604,2053.482046
1985,216299,GRAPES WINE,107,Tulare,14479,9.44,136740,108,TONS,14762000,0.0006519787278,9.444022377,1019.545549
1985,216299,GRAPES WINE,55,Napa,25690,3.95,101407,772,TONS,78332000,0.0001537563254,3.947333593,3049.124173
1985,216299,GRAPES WINE,1,Alameda,1501,3.55,5336,338,TONS,1802000,0.00236508994,3.554963358,1200.532978
1985,216299,GRAPES WINE,17,El Dorado,116,5.3,615,848,TONS,521400,0.04568965517,5.301724138,4494.827586
1985,216299,GRAPES WINE,19,Fresno,37851,10.62,401900,115,TONS,46334000,0.000280573829,10.61794933,1224.115611
1985,216299,GRAPES WINE,31,Kings,1117,11.9,13292,74,TONS,984000,0.01065353626,11.89973142,880.9310654
1985,216299,GRAPES WINE,45,Mendocino,10171,4.03,40993,396,TONS,16227800,0.00039622456,4.030380494,1595.497001
1986,261999,ALMONDS ALL,107,Tulare,10263,0.41,4210,4000,TON,16840000,3.99E-05,0.4102114392,1640.845757
1986,261999,ALMONDS ALL,31,Kings,3203,0.46,1473,4109,TON,6053000,0.0001436153606,0.4598813612,1889.790821
1986,261999,ALMONDS ALL,19,Fresno,30685,0.4,12300,4000,TON,49200000,1.30E-05,0.4008473195,1603.389278
1986,378299,TOMATOES PROCESSING,19,Fresno,62800,32.4,2035000,51,TON,103785000,0.0005159235669,32.4044586,1652.627389
1986,378299,TOMATOES PROCESSING,31,Kings,1499,26.7,40023,51,TON,2041000,0.01781187458,26.69979987,1361.574383
1986,378299,TOMATOES PROCESSING,85,Santa Clara,2900,35,101500,50,,5075000,0.01206896552,35,1750
1986,216299,GRAPES WINE,1,Alameda,1465,3.35,4908,356,TON,1749000,0.00228668942,3.350170648,1193.856655
1986,216299,GRAPES WINE,17,El Dorado,116,3,348,760,TON,264500,0.02586206897,3,2280.172414
1986,216299,GRAPES WINE,19,Fresno,37535,7.47,280300,138,TON,38795000,0.0001990142534,7.467696816,1033.568669
1986,216299,GRAPES WINE,31,Kings,1214,12,14568,125,TON,1821000,0.009884678748,12,1500
1986,216299,GRAPES WINE,45,Mendocino,10494,4.09,42938,395,,16960300,0.0003897465218,4.091671431,1616.190204
1986,216299,GRAPES WINE,55,Napa,27653,4.09,113220,757,TON,85676000,0.0001479043865,4.094311648,3098.253354
1986,216299,GRAPES WINE,65,Riverside,3068,4.41,13530,393,TON,5320300,0.001437418514,4.410039113,1734.126467
1986,216299,GRAPES WINE,85,Santa Clara,1600,3,4800,400,,1920000,0.001875,3,1200
1986,216299,GRAPES WINE,97,Sonoma,28609,3.77,107992,579,TON,62565480,0.0001317767136,3.774756196,2186.916005
1986,216299,GRAPES WINE,107,Tulare,14366,9.52,136820,114,TON,15629000,0.0006626757622,9.523875818,1087.915913
1987,378299,TOMATOES PROCESSING,19,Fresno,64900,33.41,2168000,47,TONS,102763000,0.0005147919877,33.40523883,1583.405239
1987,378299,TOMATOES PROCESSING,31,Kings,1637,32.3,52875,46,TONS,2453000,0.01973121564,32.29993891,1498.472816
1987,378299,TOMATOES PROCESSING,85,Santa Clara,2700,35,94500,48,TONS,4536000,0.01296296296,35,1680
1987,261999,ALMONDS ALL,31,Kings,3208,0.74,2374,1980,TONS,4701000,0.0002306733167,0.7400249377,1465.399002
1987,261999,ALMONDS ALL,107,Tulare,9735,0.83,8080,2020,TONS,16322000,8.53E-05,0.8299948639,1676.630714
1987,261999,ALMONDS ALL,19,Fresno,30648,0.96,29400,2000,TONS,58800000,3.13E-05,0.9592795615,1918.559123
1987,216299,GRAPES WINE,1,Alameda,1458,3.43,5006,358,TONS,1794000,0.002352537723,3.433470508,1230.452675
1987,216299,GRAPES WINE,17,El Dorado,116,2.4,278,497,TONS,138200,0.02068965517,2.396551724,1191.37931
1987,216299,GRAPES WINE,19,Fresno,35671,7.93,283000,149,TONS,42065000,0.000222309439,7.933615542,1179.24925
1987,216299,GRAPES WINE,31,Kings,1214,10,12140,140,TONS,1700000,0.00823723229,10,1400.329489
1987,216299,GRAPES WINE,45,Mendocino,10574,3.71,39235,469,TONS,18401000,0.0003508606015,3.710516361,1740.21184
1987,216299,GRAPES WINE,55,Napa,28970,3.46,100180,820,TONS,82162000,0.0001194338971,3.458060062,2836.106317
1987,216299,GRAPES WINE,65,Riverside,3148,3.94,12403,407,TONS,5046700,0.00125158831,3.939961881,1603.144854
1987,216299,GRAPES WINE,85,Santa Clara,1570,2,3140,415,TONS,1303000,0.00127388535,2,829.9363057
1987,216299,GRAPES WINE,97,Sonoma,28191,3.77,106205,636,TONS,67567600,0.0001337306232,3.767337093,2396.779114
1987,216299,GRAPES WINE,107,Tulare,13279,7.93,105250,127,TONS,13411000,0.0005971835229,7.926048648,1009.940508
1988,378299,TOMATOES PROCESSING,85,Santa Clara,1900,33,62700,48,TON,3010000,0.01736842105,33,1584.210526
1988,378299,TOMATOES PROCESSING,19,Fresno,64800,33.19,2151000,48,TON,103248000,0.000512191358,33.19444444,1593.333333
1988,378299,TOMATOES PROCESSING,31,Kings,720,27.8,20016,48,TON,965000,0.03861111111,27.8,1340.277778
1988,261999,ALMONDS ALL,19,Fresno,30667,0.94,28800,2000,TON,57600000,3.07E-05,0.939120227,1878.240454
1988,261999,ALMONDS ALL,31,Kings,2998,0.69,2069,1800,TONS,3724000,0.0002301534356,0.6901267512,1242.161441
1988,261999,ALMONDS ALL,107,Tulare,10045,0.78,7840,2040,TON,15994000,7.77E-05,0.7804878049,1592.234943
1988,216299,GRAPES WINE,1,Alameda,1216,3.37,4094,378,TON,1548000,0.002771381579,3.366776316,1273.026316
1988,216299,GRAPES WINE,19,Fresno,34867,9.9,345100,167,TON,57490000,0.0002839361,9.897610922,1648.837009
1988,216299,GRAPES WINE,31,Kings,800,9,7200,152,TONS,1094000,0.01125,9,1367.5
1988,216299,GRAPES WINE,45,Mendocino,10790,3.09,33364,646,TONS,21553300,0.0002863762743,3.092122335,1997.525487
1988,216299,GRAPES WINE,55,Napa,29243,3.41,99777,982,TONS,97943000,0.000116609103,3.411996033,3349.28017
1988,216299,GRAPES WINE,65,Riverside,3508,3.32,11647,537,TONS,6249900,0.0009464082098,3.320125428,1781.613455
1988,216299,GRAPES WINE,85,Santa Clara,1500,2.5,3750,500,TON,1875000,0.001666666667,2.5,1250
1988,216299,GRAPES WINE,97,Sonoma,29452,3.54,104161,805,TON,83824800,0.0001201955725,3.536635882,2846.149667
1988,216299,GRAPES WINE,107,Tulare,11541,9.01,104040,167,TONS,17326000,0.0007806949138,9.01481674,1501.25639
1989,378299,TOMATOES PROCESSING,19,Fresno,72400,35,2534000,55,TONS,139370000,0.0004834254144,35,1925
1989,378299,TOMATOES PROCESSING,31,Kings,3600,27.53,99100,52,TONS,5158000,0.007647222222,27.52777778,1432.777778
1989,378299,TOMATOES PROCESSING,85,Santa Clara,1800,33,59400,55,TONS,3267000,0.01833333333,33,1815
1989,261999,ALMONDS ALL,19,Fresno,30375,0.73,22200,2200,TONS,48840000,2.40E-05,0.7308641975,1607.901235
1989,261999,ALMONDS ALL,31,Kings,3061,0.66,2020,2160,TONS,4363000,0.0002156158118,0.6599150604,1425.351192
1989,261999,ALMONDS ALL,107,Tulare,8787,0.69,6060,2260,TONS,13696000,7.85E-05,0.6896551724,1558.666211
1989,216299,GRAPES WINE,31,Kings,954,8.04,7670,172,TONS,1319000,0.008427672956,8.039832285,1382.599581
1989,216299,GRAPES WINE,45,Mendocino,11085,5.34,59168,771,TONS,45618900,0.0004817320704,5.337663509,4115.372124
1989,216299,GRAPES WINE,55,Napa,27858,4.77,132849,1157,TONS,153688000,0.0001712255008,4.768791729,5516.835379
1989,216299,GRAPES WINE,19,Fresno,34239,8.39,287300,186,TONS,53356000,0.0002450422033,8.391016093,1558.339905
1989,216299,GRAPES WINE,65,Riverside,2274,4.45,10119,641,TONS,6484100,0.001956904134,4.449868074,2851.407212
1989,216299,GRAPES WINE,1,Alameda,1812,4.2,7615,713,TONS,5432000,0.002317880795,4.202538631,2997.792494
1989,216299,GRAPES WINE,85,Santa Clara,1500,2.75,4125,525,TONS,2166000,0.001833333333,2.75,1444
1989,216299,GRAPES WINE,97,Sonoma,29298,4.42,129544,944,TONS,122306600,0.0001508635402,4.421598744,4174.571643
1989,216299,GRAPES WINE,107,Tulare,10632,8.92,94880,193,TONS,18303000,0.0008389766742,8.92400301,1721.501129
1990,378299,TOMATOES PROCESSING,19,Fresno,104000,35.5,3692000,52,TONS,191984000,0.0003413461538,35.5,1846
1990,378299,TOMATOES PROCESSING,31,Kings,3300,27.3,90090,55,TONS,4973000,0.008272727273,27.3,1506.969697
1990,378299,TOMATOES PROCESSING,85,Santa Clara,1900,32,60800,54,TONS,3283000,0.01684210526,32,1727.894737
1990,261999,ALMONDS ALL,31,Kings,3061,0.76,2326,1973,TONS,4590000,0.0002482848742,0.7598823914,1499.509964
1990,261999,ALMONDS ALL,107,Tulare,8977,0.76,6820,1620,TONS,11048000,8.47E-05,0.7597192826,1230.70068
1990,261999,ALMONDS ALL,19,Fresno,29367,0.93,27300,1800,TONS,49140000,3.17E-05,0.9296148738,1673.306773
1990,216299,GRAPES WINE,45,Mendocino,11341,3.51,39779,713,TONS,28362400,0.0003094965171,3.507539018,2500.872939
1990,216299,GRAPES WINE,55,Napa,28846,3.96,114304,1229,TONS,140484000,0.0001372807322,3.9625598,4870.137974
1990,216299,GRAPES WINE,65,Riverside,2211,3.2,7075,622,TONS,4402600,0.00144730891,3.199909543,1991.22569
1990,216299,GRAPES WINE,85,Santa Clara,1550,2.5,3875,555,TONS,2151000,0.001612903226,2.5,1387.741935
1990,216299,GRAPES WINE,97,Sonoma,29473,3.8,111921,1004,TONS,112401900,0.0001289315645,3.797407797,3813.724426
1990,216299,GRAPES WINE,31,Kings,1111,8.74,9710,155,TONS,1505000,0.007866786679,8.739873987,1354.635464
1990,216299,GRAPES WINE,1,Alameda,1628,2.11,3435,880,TONS,3023000,0.001296068796,2.10995086,1856.879607
1990,216299,GRAPES WINE,19,Fresno,33715,10.28,346750,158,TONS,54910000,0.0003049087943,10.28473973,1628.651935
1990,216299,GRAPES WINE,107,Tulare,10003,10.11,101150,155,TONS,15718000,0.001010696791,10.11196641,1571.328601
1991,378299,TOMATOES PROCESSING,85,Santa Clara,2500,36,90000,54,TONS,4860000,0.0144,36,1944
1991,378299,TOMATOES PROCESSING,31,Kings,7500,28.4,213000,54,TONS,11502000,0.003786666667,28.4,1533.6
1991,378299,TOMATOES PROCESSING,19,Fresno,107000,30.78,3293000,52,TONS,172224000,0.0002876635514,30.77570093,1609.570093
1991,216299,GRAPES WINE,65,Riverside,2211,3.07,6788,596,TONS,4048400,0.001388511986,3.070104025,1831.026685
1991,216299,GRAPES WINE,85,Santa Clara,1475,2.5,3688,570,TONS,2102000,0.001694915254,2.500338983,1425.084746
1991,216299,GRAPES WINE,55,Napa,29993,4.61,138322,1260,TONS,174275000,0.0001537025306,4.611809422,5810.522455
1991,216299,GRAPES WINE,97,Sonoma,29421,4.95,145493,1016,TONS,147802900,0.0001682471704,4.945209204,5023.721152
1991,216299,GRAPES WINE,107,Tulare,11135,9.17,102080,180,TONS,18346000,0.0008235294118,9.167489897,1647.597665
1991,216299,GRAPES WINE,45,Mendocino,11281,4.57,51551,707,TONS,36446600,0.0004051059303,4.569718997,3230.795142
1991,216299,GRAPES WINE,1,Alameda,1286,3.84,4938,867,TONS,4282000,0.00298600311,3.839813375,3329.70451
1991,216299,GRAPES WINE,19,Fresno,32900,9.26,304780,162,TONS,49394000,0.0002814589666,9.263829787,1501.337386
1991,216299,GRAPES WINE,31,Kings,1111,9.11,10121,147,TONS,1488000,0.008199819982,9.109810981,1339.333933
1991,261999,ALMONDS ALL,31,Kings,1900,0.63,1197,2252,TONS,2696000,0.0003315789474,0.63,1418.947368
1991,261999,ALMONDS ALL,19,Fresno,25783,0.76,19600,2300,TONS,45080000,2.95E-05,0.7601908234,1748.438894
1991,261999,ALMONDS ALL,107,Tulare,11612,0.71,8240,2300,TONS,18952000,6.11E-05,0.7096107475,1632.104719
1992,378299,TOMATOES PROCESSING,19,Fresno,87000,35.21,3063000,46,TONS,140898000,0.0004047126437,35.20689655,1619.517241
1992,378299,TOMATOES PROCESSING,85,Santa Clara,1700,45,76500,48,TONS,3672000,0.02647058824,45,2160
1992,378299,TOMATOES PROCESSING,31,Kings,3370,30,101100,56,TONS,5662000,0.008902077151,30,1680.118694
1992,216299,GRAPES WINE,1,Alameda,1531,3.28,5028,890,TONS,4474000,0.002142390594,3.284128021,2922.273024
1992,216299,GRAPES WINE,19,Fresno,77293,10.67,825100,195,TONS,160621000,0.0001380461361,10.6749641,2078.079516
1992,216299,GRAPES WINE,31,Kings,2407,8.26,19891,193,TONS,3839000,0.003431657665,8.263813876,1594.93145
1992,216299,GRAPES WINE,107,Tulare,34804,10.23,355890,186,TONS,66243000,0.000293931732,10.22554879,1903.315711
1992,216299,GRAPES WINE,97,Sonoma,31263,4.73,148010,1004,TONS,148618600,0.0001512970604,4.73435051,4753.817612
1992,216299,GRAPES WINE,85,Santa Clara,1430,2.5,3575,690,TONS,2467000,0.001748251748,2.5,1725.174825
1992,216299,GRAPES WINE,65,Riverside,2128,3.13,6661,653,TONS,4349600,0.001470864662,3.130169173,2043.984962
1992,216299,GRAPES WINE,55,Napa,31155,4.34,135256,1240,TONS,167682000,0.0001393034826,4.341389825,5382.185845
1992,216299,GRAPES WINE,45,Mendocino,11143,5.49,61135,724,TONS,44262000,0.0004926859912,5.48640402,3972.179844
1992,261999,ALMONDS ALL,31,Kings,1908,0.66,1259,2322,TONS,2923000,0.0003459119497,0.6598532495,1531.97065
1992,261999,ALMONDS ALL,19,Fresno,26706,0.82,21900,2540,TONS,55626000,3.07E-05,0.8200404404,2082.902718
1992,261999,ALMONDS ALL,107,Tulare,11139,0.65,7240,2510,TONS,18172000,5.84E-05,0.6499685789,1631.385223
1993,378299,TOMATOES PROCESSING,19,Fresno,96000,35.79,3436000,47,TONS,161492000,0.0003728125,35.79166667,1682.208333
1993,378299,TOMATOES PROCESSING,31,Kings,11000,31.31,344410,58,TONS,19804000,0.002846363636,31.31,1800.363636
1993,378299,TOMATOES PROCESSING,85,Santa Clara,2000,37,74000,48,TONS,3552000,0.0185,37,1776
1993,261999,ALMONDS ALL,31,Kings,1907,0.72,1373,3284,TONS,4509000,0.0003775563713,0.7199790246,2364.446775
1993,261999,ALMONDS ALL,107,Tulare,10866,0.66,7170,3820,TONS,27389000,6.07E-05,0.6598564329,2520.614762
1993,261999,ALMONDS ALL,19,Fresno,36503,0.65,23700,3840,TONS,91008000,1.78E-05,0.6492617045,2493.164945
1993,216299,GRAPES WINE,85,Santa Clara,1455,2.75,4001,665,TONS,2661000,0.001890034364,2.749828179,1828.865979
1993,216299,GRAPES WINE,97,Sonoma,31475,4.16,131039,952,TONS,124725900,0.0001321683876,4.163272438,3962.697379
1993,216299,GRAPES WINE,107,Tulare,25251,10.47,264420,193,TONS,50920000,0.0004146370441,10.47166449,2016.5538
1993,216299,GRAPES WINE,1,Alameda,1572,2.7,4248,854,TONS,3626000,0.001717557252,2.702290076,2306.615776
1993,216299,GRAPES WINE,19,Fresno,61022,10.93,667100,182,TONS,121690000,0.0001791157288,10.93212284,1994.198814
1993,216299,GRAPES WINE,31,Kings,1712,12.26,20996,212,TONS,4456000,0.007161214953,12.26401869,2602.803738
1993,216299,GRAPES WINE,45,Mendocino,11591,5.2,60269,679,TONS,40922800,0.0004486239324,5.19963765,3530.566819
1993,216299,GRAPES WINE,55,Napa,32034,3.48,111589,1205,TONS,134486000,0.0001086345758,3.483455079,4198.226884
1993,216299,GRAPES WINE,65,Riverside,1968,4.35,8561,458,TONS,3924600,0.002210365854,4.350101626,1994.207317
1994,378299,TOMATOES PROCESSING,85,Santa Clara,1500,34,51000,51,TONS,2601000,0.02266666667,34,1734
1994,378299,TOMATOES PROCESSING,31,Kings,11500,30.4,349600,50,TONS,17480000,0.002643478261,30.4,1520
1994,378299,TOMATOES PROCESSING,19,Fresno,100000,41.59,4159000,51,TONS,212109000,0.0004159,41.59,2121.09
1994,261999,ALMONDS ALL,31,Kings,1747,0.87,1520,2507,TONS,3810000,0.0004979965655,0.8700629651,2180.881511
1994,261999,ALMONDS ALL,19,Fresno,42016,0.92,38700,2640,TONS,102168000,2.19E-05,0.9210776847,2431.645088
1994,261999,ALMONDS ALL,107,Tulare,12732,1.1,14000,2700,TONS,37800000,8.64E-05,1.09959158,2968.897267
1994,216299,GRAPES WINE,1,Alameda,2050,2.08,4261,899,TONS,3829000,0.001014634146,2.078536585,1867.804878
1994,216299,GRAPES WINE,85,Santa Clara,1535,2.5,3838,760,TONS,2917000,0.001628664495,2.500325733,1900.325733
1994,216299,GRAPES WINE,97,Sonoma,33766,4.53,153096,995,TONS,152280700,0.0001341586211,4.534028313,4509.882722
1994,216299,GRAPES WINE,107,Tulare,20769,9,186970,184,TONS,34445000,0.0004333381482,9.002359285,1658.481391
1994,216299,GRAPES WINE,17,El Dorado,802,3.83,3068,655,TONS,2010000,0.004775561097,3.825436409,2506.234414
1994,216299,GRAPES WINE,19,Fresno,46448,8.52,395800,170,TONS,67367000,0.0001834309335,8.521357217,1450.374612
1994,216299,GRAPES WINE,31,Kings,1884,13.3,25049,219,TONS,5498000,0.007059447983,13.29564756,2918.259023
1994,216299,GRAPES WINE,45,Mendocino,12335,3.61,44582,731,TONS,32600800,0.0002926631536,3.614268342,2642.950953
1994,216299,GRAPES WINE,55,Napa,32239,3.76,121292,1213,TONS,147161000,0.0001166289277,3.762275505,4564.688731
1994,216299,GRAPES WINE,65,Riverside,2048,4.31,8826,520,TONS,4592000,0.002104492188,4.309570313,2242.1875
1995,378299,TOMATOES PROCESSING,85,Santa Clara,1100,36,39600,56,TONS,2218000,0.03272727273,36,2016.363636
1995,378299,TOMATOES PROCESSING,31,Kings,6100,31.85,194285,54,TONS,10491000,0.005221311475,31.85,1719.836066
1995,378299,TOMATOES PROCESSING,19,Fresno,100000,38.67,3867000,54,TONS,208818000,0.0003867,38.67,2088.18
1995,261999,ALMONDS ALL,31,Kings,2070,0.63,1304,4377,TONS,5707000,0.0003043478261,0.6299516908,2757.004831
1995,261999,ALMONDS ALL,107,Tulare,11559,0.37,4280,4780,TONS,20458000,3.20E-05,0.3702742452,1769.876287
1995,261999,ALMONDS ALL,19,Fresno,41568,0.55,22900,4800,TONS,109920000,1.32E-05,0.550904542,2644.341801
1995,216299,GRAPES WINE,1,Alameda,1709,1.9,3253,871,TONS,2833000,0.001111761264,1.903452311,1657.694558
1995,216299,GRAPES WINE,85,Santa Clara,1600,2.75,4400,750,TONS,3300000,0.00171875,2.75,2062.5
1995,216299,GRAPES WINE,97,Sonoma,33189,4.22,139993,1135,TONS,158824800,0.0001271505619,4.218054175,4785.465064
1995,216299,GRAPES WINE,107,Tulare,23880,10.22,244040,206,TONS,50302000,0.0004279731993,10.21943049,2106.448911
1995,216299,GRAPES WINE,17,El Dorado,817,3.9,3186,812,TONS,2587300,0.004773561812,3.899632803,3166.829865
1995,216299,GRAPES WINE,19,Fresno,63633,10.11,643400,195,TONS,125680000,0.0001588798265,10.11110587,1975.075825
1995,216299,GRAPES WINE,31,Kings,2057,6,12344,453,TONS,5591000,0.002916869227,6.00097229,2718.035975
1995,216299,GRAPES WINE,45,Mendocino,11745,4.7,55179,883,TONS,48723100,0.0004001702852,4.698084291,4148.41209
1995,216299,GRAPES WINE,55,Napa,31514,3.49,109842,1310,TONS,143929000,0.000110744431,3.485498509,4567.144761
1995,216299,GRAPES WINE,65,Riverside,2048,2.75,5632,828,TONS,4663300,0.001342773438,2.75,2277.001953
1996,378299,TOMATOES PROCESSING,19,Fresno,99000,39.8,3940000,52,TONS,204880000,0.000402020202,39.7979798,2069.494949
1996,378299,TOMATOES PROCESSING,31,Kings,6700,34.54,231418,51,TONS,11802000,0.005155223881,34.54,1761.492537
1996,378299,TOMATOES PROCESSING,85,Santa Clara,980,33,32340,54,TONS,1746000,0.03367346939,33,1781.632653
1996,261999,ALMONDS ALL,107,Tulare,12690,0.82,10400,4480,TONS,46592000,6.46E-05,0.8195429472,3671.552403
1996,261999,ALMONDS ALL,31,Kings,2139,0.8,1711,4067,TONS,6959000,0.0003740065451,0.7999064984,3253.389434
1996,261999,ALMONDS ALL,19,Fresno,43771,0.71,31100,4160,TONS,129376000,1.62E-05,0.7105160951,2955.746956
1996,216299,GRAPES WINE,97,Sonoma,33703,3.8,127990,1372,TONS,175572200,0.0001127496069,3.797584785,5209.393823
1996,216299,GRAPES WINE,107,Tulare,27127,9.47,256840,242,TONS,62105000,0.000349098684,9.468057655,2289.416449
1996,216299,GRAPES WINE,1,Alameda,1662,2.85,4730,1029,TONS,4866000,0.001714801444,2.845968712,2927.797834
1996,216299,GRAPES WINE,17,El Dorado,937,3.77,3532,889,TONS,3139900,0.004023479189,3.769477054,3351.013874
1996,216299,GRAPES WINE,19,Fresno,86319,8.54,737490,230,TONS,169256000,9.89E-05,8.543773677,1960.81975
1996,216299,GRAPES WINE,31,Kings,2087,11.15,23268,253,TONS,5896000,0.005342597029,11.14901773,2825.10781
1996,216299,GRAPES WINE,45,Mendocino,11739,4.31,50650,1175,TONS,59514000,0.0003671522276,4.31467757,5069.767442
1996,216299,GRAPES WINE,55,Napa,30919,3.24,100251,1512,TONS,151595000,0.000104789935,3.242375239,4902.972282
1996,216299,GRAPES WINE,65,Riverside,2032,5.21,10587,874,TONS,9253000,0.002563976378,5.210137795,4553.641732
1997,378299,TOMATOES PROCESSING,19,Fresno,95000,39.15,3719000,51,TONS,189669000,0.0004121052632,39.14736842,1996.515789
1997,378299,TOMATOES PROCESSING,31,Kings,2100,34.54,72534,51,TONS,3709000,0.01644761905,34.54,1766.190476
1997,378299,TOMATOES PROCESSING,85,Santa Clara,900,35,31500,55,TONS,1733000,0.03888888889,35,1925.555556
1997,261999,ALMONDS ALL,31,Kings,2294,1,2294,3120,TONS,7157000,0.0004359197908,1,3119.877942
1997,261999,ALMONDS ALL,107,Tulare,12412,1.09,13500,3100,TONS,41850000,8.78E-05,1.087657106,3371.737029
1997,261999,ALMONDS ALL,19,Fresno,45529,1.19,54200,3400,TONS,184280000,2.61E-05,1.190450043,4047.530146
1997,216299,GRAPES WINE,1,Alameda,1977,4.71,9308,1116,TONS,10386000,0.002382397572,4.708143652,5253.414264
1997,216299,GRAPES WINE,17,El Dorado,876,4.15,3638,1044,TONS,3798100,0.004737442922,4.152968037,4335.730594
1997,216299,GRAPES WINE,19,Fresno,87220,11.22,978930,225,TONS,220570000,0.0001286402201,11.22368723,2528.892456
1997,216299,GRAPES WINE,31,Kings,2115,13.57,28707,269,TONS,7731000,0.00641607565,13.57304965,3655.319149
1997,216299,GRAPES WINE,45,Mendocino,12179,5.34,64984,1381,TONS,89765000,0.0004384596436,5.335741851,7370.473766
1997,216299,GRAPES WINE,55,Napa,31184,4.62,144217,1724,TONS,248701000,0.0001481528989,4.62471139,7975.275782
1997,216299,GRAPES WINE,65,Riverside,2085,6.35,13240,873,TONS,11552200,0.003045563549,6.350119904,5540.623501
1997,216299,GRAPES WINE,97,Sonoma,34121,5.5,187674,1589,TONS,298147300,0.0001611910554,5.500249113,8737.941444
1997,216299,GRAPES WINE,107,Tulare,31829,11.25,357950,226,TONS,80852000,0.0003534512551,11.24603349,2540.199189
1998,378299,TOMATOES PROCESSING,85,Santa Clara,650,40,26000,53,TONS,1378000,0.06153846154,40,2120
1998,378299,TOMATOES PROCESSING,31,Kings,3263,44.4,144877,54,TONS,7810000,0.01360711002,44.39993871,2393.502911
1998,378299,TOMATOES PROCESSING,19,Fresno,100000,35.77,3577000,53,TONS,189581000,0.0003577,35.77,1895.81
1998,261999,ALMONDS ALL,31,Kings,2097,0.9,1887,3217,TONS,6070000,0.0004291845494,0.8998569385,2894.61135
1998,261999,ALMONDS ALL,107,Tulare,13395,0.82,11000,3400,TONS,37400000,6.12E-05,0.821201941,2792.086599
1998,261999,ALMONDS ALL,19,Fresno,46968,0.76,35700,3360,TONS,119952000,1.62E-05,0.7600919775,2553.909044
1998,216299,GRAPES WINE,17,El Dorado,917,3.23,2961,1066,TONS,3155400,0.003522355507,3.229007634,3441.003272
1998,216299,GRAPES WINE,19,Fresno,81747,9.3,760130,231,TONS,175508000,0.0001137656428,9.298567532,2146.965638
1998,216299,GRAPES WINE,31,Kings,2168,13.52,29322,212,TONS,6227000,0.006236162362,13.52490775,2872.232472
1998,216299,GRAPES WINE,45,Mendocino,12283,4.86,59647,1394,TONS,83155500,0.0003956688106,4.856061223,6769.966621
1998,216299,GRAPES WINE,55,Napa,30875,3.32,102355,1910,TONS,195481000,0.0001075303644,3.3151417,6331.368421
1998,216299,GRAPES WINE,65,Riverside,1974,6.93,13680,987,TONS,13502800,0.003510638298,6.930091185,6840.324215
1998,216299,GRAPES WINE,1,Alameda,2141,2.04,4370,1205,TONS,5267000,0.0009528257823,2.041102289,2460.06539
1998,216299,GRAPES WINE,85,Santa Clara,1700,3.8,6460,1300,TONS,8398000,0.002235294118,3.8,4940
1998,216299,GRAPES WINE,97,Sonoma,35334,3.77,133258,1740,TONS,231828000,0.0001066961001,3.771381672,6561.046018
1998,216299,GRAPES WINE,107,Tulare,29477,9.16,269930,234,TONS,63291000,0.0003107507548,9.157309088,2147.131662
1999,378299,TOMATOES PROCESSING,19,Fresno,115000,41.5,4773000,57,TON,272061000,0.0003608695652,41.50434783,2365.747826
1999,378299,TOMATOES PROCESSING,31,Kings,8217,37,304029,55,TON,16722000,0.004502859925,37,2035.049288
1999,378299,TOMATOES PROCESSING,85,Santa Clara,625,49.1,30688,64,TON,1964000,0.07856,49.1008,3142.4
1999,261999,ALMONDS ALL,31,Kings,1959,0.9,1763,1596,TON,2813000,0.0004594180704,0.8999489535,1435.936702
1999,261999,ALMONDS ALL,19,Fresno,57125,1.08,61700,1820,TON,112294000,1.89E-05,1.080087527,1965.7593
1999,261999,ALMONDS ALL,107,Tulare,16009,0.97,15500,1590,TON,24645000,6.06E-05,0.9682053845,1539.446561
1999,216299,GRAPES WINE,1,Alameda,2018,3.57,7210,1182,ACRE,8523000,0.001769078295,3.5728444,4223.488603
1999,216299,GRAPES WINE,17,El Dorado,981,3.41,3345,1160,TON,3880200,0.003476044852,3.409785933,3955.351682
1999,216299,GRAPES WINE,19,Fresno,128613,5.4,693910,237,TON,164784000,4.20E-05,5.395333287,1281.239066
1999,216299,GRAPES WINE,97,Sonoma,42227,3.37,142477,1890,TON,269271000,7.98E-05,3.37407346,6376.749473
1999,216299,GRAPES WINE,107,Tulare,30969,9.63,298380,230,TON,68748000,0.0003109561174,9.634796086,2219.897317
1999,216299,GRAPES WINE,31,Kings,2263,15.44,34941,204,TON,7135000,0.006822801591,15.44012373,3152.894388
1999,216299,GRAPES WINE,85,Santa Clara,1600,4.4,7040,1780,TON,12531000,0.00275,4.4,7831.875
1999,216299,GRAPES WINE,45,Mendocino,13994,4.19,58648,1455,TON,85311000,0.0002994140346,4.190938974,6096.255538
1999,216299,GRAPES WINE,55,Napa,30506,3.39,103526,2143,TON,221852000,0.0001111256802,3.393627483,7272.405428
1999,216299,GRAPES WINE,65,Riverside,2319,4.83,11212,906,TON,10153700,0.002082794308,4.834842605,4378.482104
2000,378299,TOMATOES PROCESSING,19,Fresno,115000,40.2,4623000,51,TON,235773000,0.0003495652174,40.2,2050.2
2000,378299,TOMATOES PROCESSING,31,Kings,9969,47,468543,41,TON,19051000,0.004714615307,47,1911.024175
2000,378299,TOMATOES PROCESSING,85,Santa Clara,1117,51.6,57637,48,TON,2767000,0.04619516562,51.59982095,2477.170994
2000,261999,ALMONDS ALL,107,Tulare,15737,0.79,12400,1960,TON,24304000,5.02E-05,0.7879519603,1544.385842
2000,261999,ALMONDS ALL,31,Kings,1796,0.7,1257,2445,TON,3073000,0.0003897550111,0.6998886414,1711.024499
2000,261999,ALMONDS ALL,19,Fresno,57350,0.83,47600,2340,TON,111384000,1.45E-05,0.8299912816,1942.179599
2000,216299,GRAPES WINE,1,Alameda,2602,2.11,5483,1185,TON,6498000,0.000810914681,2.107225211,2497.309762
2000,216299,GRAPES WINE,17,El Dorado,1165,2.92,3400,1194,TON,4059600,0.002506437768,2.918454936,3484.635193
2000,216299,GRAPES WINE,107,Tulare,27688,10.42,288490,207,TON,59835000,0.000376336319,10.41931523,2161.044496
2000,216299,GRAPES WINE,97,Sonoma,42220,4.52,190789,2043,TON,389781900,0.0001070582662,4.51892468,9232.162482
2000,216299,GRAPES WINE,85,Santa Clara,1749,3.9,6821,1521,TON,10375000,0.002229845626,3.899942824,5931.961121
2000,216299,GRAPES WINE,31,Kings,3020,9.04,27311,162,TON,4436000,0.002993377483,9.043377483,1468.874172
2000,216299,GRAPES WINE,45,Mendocino,12838,4.53,58106,1514,TON,87960000,0.0003528587007,4.526094407,6851.534507
2000,216299,GRAPES WINE,19,Fresno,75139,11.12,835310,177,TON,147550000,0.0001479923874,11.11686341,1963.693954
2000,216299,GRAPES WINE,65,Riverside,2767,4.53,12532,974,TON,12202100,0.00163715215,4.52909288,4409.866281
2000,216299,GRAPES WINE,55,Napa,32365,4.23,136962,2464,TON,337469000,0.0001306967403,4.231793604,10426.97358
2001,216299,GRAPES WINE,85,Santa Clara,1750,3.78,6615,1408,TONS,9314000,0.00216,3.78,5322.285714
2001,216299,GRAPES WINE,97,Sonoma,43589,3.98,173583,2157,TONS,374389700,9.13E-05,3.982266168,8589.086696
2001,216299,GRAPES WINE,107,Tulare,23431,10.07,235900,222,TONS,52446000,0.0004297725236,10.06785882,2238.31676
2001,378299,TOMATOES PROCESSING,85,Santa Clara,525,44.85,23546,45,TONS,1060000,0.08542857143,44.84952381,2019.047619
2001,378299,TOMATOES PROCESSING,31,Kings,10000,29.81,298100,51,TONS,15257000,0.002981,29.81,1525.7
2001,378299,TOMATOES PROCESSING,19,Fresno,106000,34.73,3681000,48,TONS,176688000,0.0003276415094,34.72641509,1666.867925
2001,216299,GRAPES WINE,65,Riverside,2302,4.5,10359,900,TONS,9323100,0.001954821894,4.5,4050
2001,261999,ALMONDS ALL,31,Kings,4100,0.84,3444,2132,TONS,7342000,0.0002048780488,0.84,1790.731707
2001,261999,ALMONDS ALL,19,Fresno,61896,1.06,65610,2120,TONS,139093000,1.71E-05,1.060003877,2247.204989
2001,261999,ALMONDS ALL,107,Tulare,16587,0.9,14900,1760,TONS,26224000,5.43E-05,0.8982938446,1580.997166
2001,216299,GRAPES WINE,55,Napa,35095,3.6,126438,2802,TONS,354338000,0.0001025787149,3.602735432,10096.53797
2001,216299,GRAPES WINE,45,Mendocino,14800,4.04,59808,1466,TONS,87678400,0.000272972973,4.041081081,5924.216216
2001,216299,GRAPES WINE,31,Kings,3085,9.75,30088,169,TONS,5088000,0.003160453809,9.752998379,1649.270665
2001,216299,GRAPES WINE,19,Fresno,76393,8.37,639180,167,TONS,106924000,0.0001095650125,8.366996976,1399.657037
2001,216299,GRAPES WINE,17,El Dorado,1244,2.87,3570,1209,TONS,4317300,0.002307073955,2.86977492,3470.498392
2001,216299,GRAPES WINE,1,Alameda,3023,2.91,8797,1147,TONS,10092000,0.000962619914,2.910023156,3338.405557
2002,216299,GRAPES WINE,107,Tulare,26597,9.71,258300,160,TON,41358000,0.0003650787683,9.711621611,1554.987405
2002,216299,GRAPES WINE,97,Sonoma,46587,3.93,183139,2055,TON,376422300,8.44E-05,3.931118123,8079.985833
2002,216299,GRAPES WINE,85,Santa Clara,1839,3.3,6069,1313,TON,7968000,0.001794453507,3.300163132,4332.78956
2002,216299,GRAPES WINE,45,Mendocino,15202,3.89,59128,1375,TON,81301400,0.0002558873832,3.889488225,5348.072622
2002,216299,GRAPES WINE,55,Napa,37072,3.51,130099,2920,TON,379930000,9.47E-05,3.509360164,10248.43548
2002,216299,GRAPES WINE,65,Riverside,1250,4.16,5200,677,TON,3518000,0.003328,4.16,2814.4
2002,378299,TOMATOES PROCESSING,19,Fresno,115000,40.25,4629000,49,TON,226821000,0.00035,40.25217391,1972.356522
2002,378299,TOMATOES PROCESSING,31,Kings,16108,32.33,520772,50,TON,25992000,0.002007077229,32.33002235,1613.608145
2002,378299,TOMATOES PROCESSING,85,Santa Clara,623,49.7,30963,49,TON,1517000,0.0797752809,49.69983949,2434.991974
2002,216299,GRAPES WINE,31,Kings,3319,8.52,28294,162,TON,4584000,0.002567038265,8.524856885,1381.138897
2002,261999,ALMONDS ALL,31,Kings,7676,0.83,6344,2002,TON,12698000,0.000108129234,0.8264721209,1654.247004
2002,261999,ALMONDS ALL,19,Fresno,63450,1.24,78700,2300,TON,181010000,1.95E-05,1.24034673,2852.797478
2002,261999,ALMONDS ALL,107,Tulare,15595,1.03,16100,2020,TON,32522000,6.60E-05,1.032382174,2085.411991
2002,216299,GRAPES WINE,19,Fresno,85701,10.83,928100,141,TON,131189000,0.0001263695873,10.82951191,1530.775604
2002,216299,GRAPES WINE,17,El Dorado,1464,2.77,4060,1153,TON,4680000,0.001892076503,2.773224044,3196.721311
2002,216299,GRAPES WINE,1,Alameda,2255,2.13,4793,1126,TON,5398000,0.0009445676275,2.125498891,2393.791574
2003,216299,GRAPES WINE,45,Mendocino,15576,3.72,57960,1213.95,TON,70360700,0.0002388289676,3.721109399,4517.250899
2003,216299,GRAPES WINE,55,Napa,39106,3.29,128814,2985.7,TON,384600000,8.41E-05,3.293970235,9834.807958
2003,216299,GRAPES WINE,65,Riverside,1266,3.29,4163,784,TON,3263800,0.002598736177,3.288309637,2578.041074
2003,216299,GRAPES WINE,31,Kings,3295,8.97,29555,173.1,TON,5116000,0.002722306525,8.969650986,1552.655539
2003,216299,GRAPES WINE,1,Alameda,2284,3.21,7325,1077.41,TON,7892000,0.001405429072,3.20709282,3455.341506
2003,216299,GRAPES WINE,17,El Dorado,1678,2.36,3953,1120.67,TON,4430000,0.001406436234,2.355780691,2640.047676
2003,216299,GRAPES WINE,19,Fresno,72186,10.09,728500,166.12,TON,121015000,0.0001397777962,10.0919846,1676.433103
2003,216299,GRAPES WINE,85,Santa Clara,1854,2.9,5377,1205.88,TON,6484000,0.001564185545,2.90021575,3497.303128
2003,216299,GRAPES WINE,97,Sonoma,52176,3.08,160768,1967.2,TON,316262300,5.90E-05,3.081263416,6061.451625
2003,216299,GRAPES WINE,107,Tulare,23886,9.21,220030,164.64,TON,36225000,0.0003855815122,9.211672109,1516.578749
2003,261999,ALMONDS ALL,107,Tulare,15954,0.92,14700,3000,TON,44100000,5.77E-05,0.9213990222,2764.197067
2003,261999,ALMONDS ALL,19,Fresno,65018,1.07,69600,2720,TON,189312000,1.65E-05,1.070472792,2911.685995
2003,261999,ALMONDS ALL,31,Kings,9365,0.68,6368,2548.99,TON,16232000,7.26E-05,0.6799786439,1733.262146
2003,378299,TOMATOES PROCESSING,85,Santa Clara,497,44.6,22166,49.99,TON,1108000,0.08973843058,44.59959759,2229.376258
2003,378299,TOMATOES PROCESSING,19,Fresno,119000,40.12,4774000,57,TON,272118000,0.0003371428571,40.11764706,2286.705882
2003,378299,TOMATOES PROCESSING,31,Kings,19131,27.71,530120,49.98,TON,26495000,0.001448434478,27.70999948,1384.924991
2004,261999,ALMONDS ALL,31,Kings,9434,0.66,6226,3485.06,TON,21698000,7.00E-05,0.6599533602,2299.9788
2004,261999,ALMONDS ALL,19,Fresno,82700,1.04,86000,4337,TON,372982000,1.26E-05,1.039903265,4510.060459
2004,261999,ALMONDS ALL,107,Tulare,17381,1.17,20300,4300,TON,87290000,6.73E-05,1.167942006,5022.150624
2004,216299,GRAPES WINE,31,Kings,3023,10.49,31720,237.3,TON,7527000,0.003470062851,10.49288786,2489.910685
2004,216299,GRAPES WINE,19,Fresno,96692,9.01,871000,226.31,TON,197117000,9.32E-05,9.007984115,2038.607124
2004,216299,GRAPES WINE,17,El Dorado,1710,2.46,4209,1094.84,TONS,4608200,0.001438596491,2.461403509,2694.853801
2004,216299,GRAPES WINE,1,Alameda,2526,3.6,9094,995.38,TONS,9052000,0.001425178147,3.600158353,3583.531275
2004,216299,GRAPES WINE,45,Mendocino,15608,3.35,52252,1150.99,TONS,60141500,0.0002146335213,3.347770374,3853.248334
2004,216299,GRAPES WINE,107,Tulare,23764,9.65,229430,224.8,TON,51576000,0.0004060764181,9.654519441,2170.341693
2004,216299,GRAPES WINE,97,Sonoma,50010,3.31,165783,1882.64,TONS,312110200,6.62E-05,3.314997001,6240.955809
2004,216299,GRAPES WINE,55,Napa,40439,2.96,119874,2915.56,TON,349500000,7.32E-05,2.964316625,8642.64695
2004,216299,GRAPES WINE,65,Riverside,1640,2.18,3575,668.03,TON,2388200,0.001329268293,2.179878049,1456.219512
2004,216299,GRAPES WINE,85,Santa Clara,1870,3.3,6171,994.98,TON,6140000,0.001764705882,3.3,3283.42246
2004,378299,TOMATOES PROCESSING,19,Fresno,110000,44.5,4895000,50,TON,244750000,0.0004045454545,44.5,2225
2004,378299,TOMATOES PROCESSING,31,Kings,20309,43.13,875927,51,TON,44672000,0.002123689005,43.12999163,2199.615934
2004,378299,TOMATOES PROCESSING,85,Santa Clara,169,50.8,8585,49.97,TON,429000,0.300591716,50.79881657,2538.461538
2005,378299,TOMATOES PROCESSING,19,Fresno,118000,40.91,4827000,51,TONS,246177000,0.0003466949153,40.90677966,2086.245763
2005,378299,TOMATOES PROCESSING,31,Kings,21889,45.2,989383,50,TONS,49469000,0.002064964137,45.20000914,2259.993604
2005,261999,ALMONDS ALL,31,Kings,9275,0.57,5287,5400.04,TONS,28550000,6.15E-05,0.5700269542,3078.167116
2005,261999,ALMONDS ALL,107,Tulare,17133,0.95,16300,5380,TONS,87694000,5.54E-05,0.9513803771,5118.426429
2005,261999,ALMONDS ALL,19,Fresno,88400,0.9,79600,5700,TONS,453720000,1.02E-05,0.9004524887,5132.579186
2005,216299,GRAPES WINE,1,Alameda,2169,4.24,9189,930.68,TONS,8552000,0.001954817888,4.236514523,3942.830798
2005,216299,GRAPES WINE,17,El Dorado,1906,2.44,4642,1064.2,TONS,4940000,0.001280167891,2.435466946,2591.81532
2005,216299,GRAPES WINE,19,Fresno,77598,11.32,878500,223.29,TONS,196162000,0.0001458800485,11.32116807,2527.925977
2005,216299,GRAPES WINE,31,Kings,3717,12.65,47009,239.08,TONS,11239000,0.003403282217,12.64702717,3023.675007
2005,216299,GRAPES WINE,45,Mendocino,16084,3.85,61962,1171.01,TONS,72557900,0.0002393683163,3.852399901,4511.185029
2005,216299,GRAPES WINE,107,Tulare,22831,9.6,219270,217.17,TONS,47618000,0.0004204809251,9.604047129,2085.672988
2005,216299,GRAPES WINE,97,Sonoma,57050,4.05,230910,1864.64,TONS,430563500,7.10E-05,4.047502191,7547.125329
2005,216299,GRAPES WINE,55,Napa,41910,4.32,181025,2987.43,TONS,540800000,0.0001030780243,4.319374851,12903.84157
2005,216299,GRAPES WINE,65,Riverside,1650,2.5,4125,963.01,TONS,3972400,0.001515151515,2.5,2407.515152
2005,216299,GRAPES WINE,85,Santa Clara,1720,4,6880,1061.05,TONS,7300000,0.002325581395,4,4244.186047
2006,378299,TOMATOES PROCESSING,19,Fresno,124000,35.14,4357000,57,TONS,248349000,0.0002833870968,35.13709677,2002.814516
2006,378299,TOMATOES PROCESSING,31,Kings,21064,29.47,620756,56,TONS,34762000,0.001399069502,29.4699962,1650.303836
2006,261999,ALMONDS ALL,31,Kings,10270,0.98,10065,5040.04,TONS,50728000,9.54E-05,0.9800389484,4939.435248
2006,261999,ALMONDS ALL,107,Tulare,18978,0.98,18600,4540,TONS,84444000,5.16E-05,0.9800822004,4449.57319
2006,261999,ALMONDS ALL,19,Fresno,99300,1.16,115000,4300,TONS,494500000,1.17E-05,1.158106747,4979.859013
2006,216299,GRAPES WINE,1,Alameda,2281,3.74,8534,937.97,TONS,8004600,0.00163963174,3.741341517,3509.250329
2006,216299,GRAPES WINE,17,El Dorado,1864,3.07,5720,1081.56,TONS,6186500,0.001646995708,3.068669528,3318.937768
2006,216299,GRAPES WINE,19,Fresno,64116,8.83,566400,209.56,TONS,118692000,0.0001377191341,8.833988396,1851.207187
2006,216299,GRAPES WINE,31,Kings,3624,10.98,39800,259.35,TONS,10322000,0.003029801325,10.98233996,2848.233996
2006,216299,GRAPES WINE,45,Mendocino,16142,4.4,70948,1237,TONS,87762600,0.000272580845,4.395242225,5436.909924
2006,216299,GRAPES WINE,107,Tulare,19360,8.98,173930,208.41,TONS,36248000,0.0004638429752,8.983987603,1872.31405
2006,216299,GRAPES WINE,97,Sonoma,55507,3.9,216248,1990.76,TONS,430496900,7.03E-05,3.895868989,7755.722702
2006,216299,GRAPES WINE,55,Napa,42188,3.62,152776,3070.33,TONS,469072900,8.58E-05,3.621314118,11118.63326
2006,216299,GRAPES WINE,65,Riverside,1500,2.4,3600,1111,TONS,3999600,0.0016,2.4,2666.4
2006,216299,GRAPES WINE,85,Santa Clara,1750,3.8,6650,1120,TONS,7448000,0.002171428571,3.8,4256
2007,378299,TOMATOES PROCESSING,19,Fresno,125000,34.86,4357000,79.26,TON,345340000,0.00027888,34.856,2762.72
2007,378299,TOMATOES PROCESSING,31,Kings,26041,45.12,1174970,60,TONS,70498000,0.001732652356,45.12000307,2707.192504
2007,261999,ALMONDS ALL,31,Kings,13017,1.01,13151,3600.03,TONS,47344000,7.76E-05,1.010294231,3637.089959
2007,261999,ALMONDS ALL,19,Fresno,116700,1.08,126000,3790,TON,477540000,9.25E-06,1.079691517,4092.030848
2007,261999,ALMONDS ALL,107,Tulare,22100,0.96,21200,3690,TON,78228000,4.34E-05,0.9592760181,3539.728507
2007,216299,GRAPES WINE,45,Mendocino,16342,3.77,61589,1223.41,TON,75348300,0.0002306939175,3.768755354,4610.714723
2007,216299,GRAPES WINE,55,Napa,42338,3.43,145115,3256.77,TONS,472606600,8.10E-05,3.427535547,11162.7049
2007,216299,GRAPES WINE,65,Riverside,2000,1.7,3400,1184,TONS,4025600,0.00085,1.7,2012.8
2007,216299,GRAPES WINE,31,Kings,3817,7.52,28719,230.27,TONS,6613000,0.001970133613,7.523971706,1732.512444
2007,216299,GRAPES WINE,1,Alameda,1916,3.93,7526,857.69,TONS,6455000,0.002051148225,3.927974948,3368.997912
2007,216299,GRAPES WINE,17,El Dorado,1747,2.88,5029,1197.36,TONS,6021500,0.001648540355,2.878649113,3446.765884
2007,216299,GRAPES WINE,19,Fresno,61224,11.81,722800,214.36,TON,154942000,0.0001928982099,11.80582778,2530.739579
2007,216299,GRAPES WINE,85,Santa Clara,1550,3,4650,1313.98,TON,6110000,0.001935483871,3,3941.935484
2007,216299,GRAPES WINE,97,Sonoma,54899,3.62,198533,2098.14,TON,416549600,6.59E-05,3.616331809,7587.562615
2007,216299,GRAPES WINE,107,Tulare,19561,10.25,200430,217.09,TON,43512000,0.0005240018404,10.24640867,2224.426154
2008,378299,TOMATOES PROCESSING,19,Fresno,109000,45.21,4928000,74,TONS,364672000,0.0004147706422,45.21100917,3345.614679
2008,378299,TOMATOES PROCESSING,31,Kings,30425,49.88,1517750,66.6,TONS,101083000,0.001639441249,49.88496302,3322.366475
2008,261999,ALMONDS ALL,31,Kings,13054,0.71,9268,2700.04,TONS,25024000,5.44E-05,0.7099739543,1916.960319
2008,261999,ALMONDS ALL,19,Fresno,120400,1.32,159000,3460,TONS,550140000,1.10E-05,1.320598007,4569.269103
2008,261999,ALMONDS ALL,107,Tulare,24800,1.11,27500,2990,TON,82225000,4.48E-05,1.108870968,3315.524194
2008,216299,GRAPES WINE,85,Santa Clara,1510,3,4530,1426.05,TONS,6460000,0.001986754967,3,4278.145695
2008,216299,GRAPES WINE,97,Sonoma,55431,3.05,168992,2255.09,TONS,381092000,5.50E-05,3.048691166,6875.069907
2008,216299,GRAPES WINE,107,Tulare,21728,11.94,259420,250.51,TON,64987000,0.0005495213549,11.93943299,2990.933358
2008,216299,GRAPES WINE,45,Mendocino,16400,2.79,45779,1355.36,TONS,62047200,0.0001701219512,2.791402439,3783.365854
2008,216299,GRAPES WINE,55,Napa,42870,2.7,115864,3451.57,TONS,399913100,6.30E-05,2.702682529,9328.507115
2008,216299,GRAPES WINE,65,Riverside,2165,1.85,4005,1121.07,TONS,4489900,0.0008545034642,1.849884527,2073.856813
2008,216299,GRAPES WINE,31,Kings,3831,9.74,37306,245.72,TONS,9167000,0.002542417123,9.737927434,2392.84782
2008,216299,GRAPES WINE,19,Fresno,69631,14.94,1040100,250.93,TONS,260990000,0.0002145596071,14.9373124,3748.186871
2008,216299,GRAPES WINE,1,Alameda,2526,3.73,9417,911.76,TONS,8586000,0.001476642914,3.728028504,3399.049881
2008,216299,GRAPES WINE,17,El Dorado,1901,2.2,4182,1250.38,TONS,5229100,0.001157285639,2.199894792,2750.710153
2009,378299,TOMATOES PROCESSING,85,Santa Clara,1160,66.8,77488,78,Tons,6044000,0.0575862069,66.8,5210.344828
2009,378299,TOMATOES PROCESSING,19,Fresno,115000,48,5520000,83,Tons,458160000,0.0004173913043,48,3984
2009,378299,TOMATOES PROCESSING,31,Kings,26658,53.91,1437133,71.8,Tons,103186000,0.002022282242,53.91000825,3870.732988
2009,261999,ALMONDS ALL,31,Kings,14030,0.73,10242,3339.97,Tons,34208000,5.20E-05,0.7300071276,2438.203849
2009,261999,ALMONDS ALL,19,Fresno,121000,1.16,140000,3376,Tons,472640000,9.59E-06,1.157024793,3906.115702
2009,261999,ALMONDS ALL,107,Tulare,25500,0.97,24700,3670,Tons,90649000,3.80E-05,0.968627451,3554.862745
2009,216299,GRAPES WINE,45,Mendocino,16616,3.59,59617,1316.78,Tons,78502500,0.0002160568127,3.587927299,4724.512518
2009,216299,GRAPES WINE,55,Napa,43031,3.32,142976,3462.25,Tons,495018700,7.72E-05,3.322627873,11503.76938
2009,216299,GRAPES WINE,65,Riverside,1891,3.45,6524,1085.99,Tons,7085000,0.001824431518,3.450026441,3746.69487
2009,216299,GRAPES WINE,31,Kings,4122,12.3,50698,283.86,Tons,14391000,0.002983988355,12.29936924,3491.266376
2009,216299,GRAPES WINE,1,Alameda,2410,5.02,12110,1158.13,Tons,14025000,0.002082987552,5.024896266,5819.502075
2009,216299,GRAPES WINE,17,El Dorado,1760,2.93,5165,1139.48,Tons,5885400,0.001664772727,2.934659091,3343.977273
2009,216299,GRAPES WINE,19,Fresno,64376,12.48,803560,253.16,Tons,203428000,0.0001938610662,12.48229154,3159.997515
2009,216299,GRAPES WINE,85,Santa Clara,1516,3.7,5609,1244.96,Tons,6983000,0.002440633245,3.699868074,4606.200528
2009,216299,GRAPES WINE,97,Sonoma,56306,3.78,212675,2186.61,Tons,465036400,6.71E-05,3.777128548,8259.091393
2009,216299,GRAPES WINE,107,Tulare,17829,12.29,219160,252.5,Tons,55338000,0.0006893263784,12.29233272,3103.81962
2010,378299,TOMATOES PROCESSING,85,Santa Clara,1010,64.26,64900,65.98,Tons,4282000,0.06362376238,64.25742574,4239.60396
2010,378299,TOMATOES PROCESSING,19,Fresno,108000,47.28,5106000,68,Tons,347208000,0.0004377777778,47.27777778,3214.888889
2010,378299,TOMATOES PROCESSING,31,Kings,38400,54.53,2094000,64.41,Tons,134872000,0.001420052083,54.53125,3512.291667
2010,261999,ALMONDS ALL,31,Kings,14400,1,14400,3574.03,Tons,51466000,6.94E-05,1,3574.027778
2010,261999,ALMONDS ALL,19,Fresno,138000,1.23,170000,3419,Tons,581230000,8.91E-06,1.231884058,4211.811594
2010,261999,ALMONDS ALL,107,Tulare,30500,0.93,28400,3460,Tons,98264000,3.05E-05,0.931147541,3221.770492
2010,216299,GRAPES WINE,45,Mendocino,16700,3.95,65900,1121.46,Tons,73904000,0.0002365269461,3.946107784,4425.389222
2010,216299,GRAPES WINE,55,Napa,43300,3.21,139000,3265.35,Tons,453883000,7.41E-05,3.210161663,10482.28637
2010,216299,GRAPES WINE,65,Riverside,2100,3.2,6710,1093.74,Tons,7339000,0.001523809524,3.195238095,3494.761905
2010,216299,GRAPES WINE,17,El Dorado,1950,2.39,4670,1049.04,Tons,4899000,0.001225641026,2.394871795,2512.307692
2010,216299,GRAPES WINE,19,Fresno,60100,14.69,883000,279.97,Tons,247213000,0.0002444259567,14.6921797,4113.361065
2010,216299,GRAPES WINE,31,Kings,4130,11.84,48900,255.32,Tons,12485000,0.002866828087,11.8401937,3023.002421
2010,216299,GRAPES WINE,1,Alameda,2240,5.63,12600,906.27,Tons,11419000,0.002513392857,5.625,5097.767857
2010,216299,GRAPES WINE,85,Santa Clara,1530,3.59,5490,1285.79,Tons,7059000,0.002346405229,3.588235294,4613.72549
2010,216299,GRAPES WINE,97,Sonoma,56500,3.4,192000,2033.58,Tons,390448000,6.02E-05,3.398230088,6910.584071
2010,216299,GRAPES WINE,107,Tulare,18700,12.62,236000,260.17,Tons,61399000,0.0006748663102,12.62032086,3283.368984
2011,378299,TOMATOES PROCESSING,85,Santa Clara,1060,60.09,63700,65.01,Tons,4141000,0.05668867925,60.09433962,3906.603774
2011,378299,TOMATOES PROCESSING,19,Fresno,95200,54.88,5225000,70,Tons,365750000,0.0005764705882,54.88445378,3841.911765
2011,378299,TOMATOES PROCESSING,31,Kings,31200,55.74,1739000,67.59,Tons,117540000,0.001786538462,55.73717949,3767.307692
2011,261999,ALMONDS ALL,31,Kings,15500,1.25,19300,3895.23,Tons,75178000,8.06E-05,1.24516129,4850.193548
2011,261999,ALMONDS ALL,19,Fresno,150000,1.47,221000,3496,Tons,772616000,9.80E-06,1.473333333,5150.773333
2011,261999,ALMONDS ALL,107,Tulare,31800,1.09,34700,3700,Tons,128390000,3.43E-05,1.091194969,4037.421384
2011,216299,GRAPES WINE,85,Santa Clara,1550,3.17,4910,1344.4,Tons,6601000,0.00204516129,3.167741935,4258.709677
2011,216299,GRAPES WINE,97,Sonoma,58100,2.87,167000,2078.32,Tons,347080000,4.94E-05,2.874354561,5973.83821
2011,216299,GRAPES WINE,107,Tulare,21700,11.89,258000,306.47,Tons,79070000,0.0005479262673,11.88940092,3643.778802
2011,216299,GRAPES WINE,17,El Dorado,2010,2.12,4270,1203.04,Tons,5137000,0.001054726368,2.124378109,2555.721393
2011,216299,GRAPES WINE,19,Fresno,68900,13.13,905000,335.5,Tons,303628000,0.0001905660377,13.13497823,4406.792453
2011,216299,GRAPES WINE,31,Kings,3590,15.1,54200,308.67,Tons,16730000,0.004206128134,15.09749304,4660.167131
2011,216299,GRAPES WINE,65,Riverside,2772,2.3,6380,1050.31,Tons,6701000,0.0008297258297,2.301587302,2417.388167
2011,216299,GRAPES WINE,45,Mendocino,16700,3.44,57400,1247.32,Tons,71596000,0.000205988024,3.437125749,4287.185629
2011,216299,GRAPES WINE,55,Napa,43600,2.8,122000,3470.84,Tons,423442000,6.42E-05,2.798165138,9711.972477
2011,216299,GRAPES WINE,1,Alameda,2650,3.47,9190,1296.63,Tons,11916000,0.001309433962,3.467924528,4496.603774
2012,378299,TOMATOES PROCESSING,19,Fresno,97600,56.39,5504000,68,Tons,374272000,0.0005777663934,56.39344262,3834.754098
2012,378299,TOMATOES PROCESSING,31,Kings,36000,51.61,1858000,69.29,Tons,128735000,0.001433611111,51.61111111,3575.972222
2012,378299,TOMATOES PROCESSING,85,Santa Clara,980,63.16,61900,66.04,Tons,4088000,0.06444897959,63.16326531,4171.428571
2012,261999,ALMONDS ALL,107,Tulare,33800,1.03,34800,5170,Tons,179916000,3.05E-05,1.029585799,5322.95858
2012,261999,ALMONDS ALL,31,Kings,16800,1.03,17300,4859.6,Tons,84071000,6.13E-05,1.029761905,5004.22619
2012,261999,ALMONDS ALL,19,Fresno,154000,1.34,206000,4251,Tons,875706000,8.70E-06,1.337662338,5686.402597
2012,216299,GRAPES WINE,65,Riverside,2740,3.15,8620,1240.37,Tons,10692000,0.001149635036,3.145985401,3902.189781
2012,216299,GRAPES WINE,55,Napa,43200,4.24,183000,3585.99,Tons,656236000,9.81E-05,4.236111111,15190.64815
2012,216299,GRAPES WINE,45,Mendocino,16800,4.23,71100,1438.9,Tons,102306000,0.0002517857143,4.232142857,6089.642857
2012,216299,GRAPES WINE,31,Kings,4110,12.9,53000,315.06,Tons,16698000,0.003138686131,12.89537713,4062.773723
2012,216299,GRAPES WINE,19,Fresno,86700,10.38,900000,385.48,Tons,346934000,0.0001197231834,10.38062284,4001.545559
2012,216299,GRAPES WINE,1,Alameda,2940,3.74,11000,1251.27,Tons,13764000,0.001272108844,3.741496599,4681.632653
2012,216299,GRAPES WINE,17,El Dorado,2060,2.75,5675,1378.68,Tons,7824000,0.001334951456,2.754854369,3798.058252
2012,216299,GRAPES WINE,85,Santa Clara,1580,3.92,6190,1170.92,Tons,7248000,0.002481012658,3.917721519,4587.341772
2012,216299,GRAPES WINE,97,Sonoma,58300,4.58,267000,2183.3,Tons,582942000,7.86E-05,4.579759863,9999.005146
2012,216299,GRAPES WINE,107,Tulare,15900,13.65,217000,348.53,Tons,75631000,0.000858490566,13.64779874,4756.666667
2013,378299,TOMATOES PROCESSING,19,Fresno,101000,50.27,5077000,69,tons,350313000,0.0004977227723,50.26732673,3468.445545
2013,378299,TOMATOES PROCESSING,85,Santa Clara,749,58.48,43800,74.02,tons,3242000,0.07807743658,58.47797063,4328.437917
2013,378299,TOMATOES PROCESSING,31,Kings,33400,42.81,1430000,68.18,tons,97494000,0.001281736527,42.81437126,2918.982036
2013,261999,ALMONDS ALL,107,Tulare,38100,1.07,40800,6040,tons,246432000,2.81E-05,1.070866142,6468.031496
2013,261999,ALMONDS ALL,31,Kings,17400,1.21,21100,5521.9,tons,116512000,6.95E-05,1.212643678,6696.091954
2013,261999,ALMONDS ALL,19,Fresno,162220,1.23,200000,5249,tons,1049800000,7.58E-06,1.232893601,6471.458513
2013,216299,GRAPES WINE,85,Santa Clara,1590,3.84,6100,1442.95,tons,8802000,0.00241509434,3.836477987,5535.849057
2013,216299,GRAPES WINE,65,Riverside,2670,4.01,10700,1274.21,tons,13634000,0.001501872659,4.007490637,5106.367041
2013,216299,GRAPES WINE,55,Napa,43600,4.01,175000,3749.91,tons,656235000,9.20E-05,4.013761468,15051.26147
2013,216299,GRAPES WINE,1,Alameda,2800,5.82,16300,979.45,tons,15965000,0.002078571429,5.821428571,5701.785714
2013,216299,GRAPES WINE,17,El Dorado,2120,2.71,5740,1395.64,tons,8011000,0.001278301887,2.70754717,3778.773585
2013,216299,GRAPES WINE,19,Fresno,54571,13.12,716000,409.68,tons,293328000,0.0002404207363,13.12052189,5375.162632
2013,216299,GRAPES WINE,31,Kings,4280,13.62,58300,326.9,tons,19058000,0.003182242991,13.62149533,4452.803738
2013,216299,GRAPES WINE,45,Mendocino,16800,4.64,77900,1452.37,tons,113140000,0.0002761904762,4.636904762,6734.52381
2013,216299,GRAPES WINE,107,Tulare,10900,16.24,177000,368,tons,65136000,0.001489908257,16.23853211,5975.779817
2013,216299,GRAPES WINE,97,Sonoma,59800,4.53,271000,2232.72,tons,605068000,7.58E-05,4.531772575,10118.19398
2014,378299,TOMATOES PROCESSING,19,Fresno,89600,53.06,4754000,85,Tons,404090000,0.0005921875,53.05803571,4509.933036
2014,378299,TOMATOES PROCESSING,85,Santa Clara,844,61.73,52100,82.96,Tons,4322000,0.07313981043,61.72985782,5120.853081
2014,378299,TOMATOES PROCESSING,31,Kings,34000,52.94,1800000,81.12,Tons,146017000,0.001557058824,52.94117647,4294.617647
2014,261999,ALMONDS ALL,31,Kings,19400,1.11,21600,7136.11,Tons,154140000,5.72E-05,1.113402062,7945.360825
2014,261999,ALMONDS ALL,19,Fresno,171000,1.08,184000,6792,Tons,1249728000,6.32E-06,1.076023392,7308.350877
2014,261999,ALMONDS ALL,107,Tulare,46400,1.05,48700,8050,Tons,392035000,2.26E-05,1.049568966,8449.030172
2014,216299,GRAPES WINE,65,Riverside,2720,3.93,10700,1274.3,Tons,13635000,0.001444852941,3.933823529,5012.867647
2014,216299,GRAPES WINE,55,Napa,43600,4.04,176000,4061.43,Tons,714811000,9.27E-05,4.036697248,16394.74771
2014,216299,GRAPES WINE,45,Mendocino,16900,3.67,62000,1511.15,Tons,93691000,0.0002171597633,3.668639053,5543.846154
2014,216299,GRAPES WINE,19,Fresno,58700,11.24,660000,391.95,Tons,258688000,0.0001914821124,11.24361158,4406.950596
2014,216299,GRAPES WINE,17,El Dorado,2110,2.53,5340,1420.04,Tons,7583000,0.001199052133,2.530805687,3593.838863
2014,216299,GRAPES WINE,1,Alameda,2420,4.38,10600,1486.42,Tons,15756000,0.001809917355,4.380165289,6510.743802
2014,216299,GRAPES WINE,31,Kings,4800,11.96,57400,289.79,Tons,16634000,0.002491666667,11.95833333,3465.416667
2014,216299,GRAPES WINE,107,Tulare,11200,15.98,179000,311,Tons,55669000,0.001426785714,15.98214286,4970.446429
2014,216299,GRAPES WINE,97,Sonoma,58300,4.39,256000,2315.62,Tons,592798000,7.53E-05,4.391080617,10168.06175
2014,216299,GRAPES WINE,85,Santa Clara,1600,3.53,5640,1483.69,Tons,8368000,0.00220625,3.525,5230
2015,216299,GRAPES WINE,31,Kings,3330,12.19,40600,261.01,Tons,10597000,0.003660660661,12.19219219,3182.282282
2015,216299,GRAPES WINE,19,Fresno,60200,12.79,770000,312.55,Tons,240662000,0.0002124584718,12.79069767,3997.707641
2015,216299,GRAPES WINE,17,El Dorado,2220,2.42,5370,1508.19,Tons,8099000,0.00109009009,2.418918919,3648.198198
2015,216299,GRAPES WINE,1,Alameda,2400,4.14,9940,1529.98,Tons,15208000,0.001725,4.141666667,6336.666667
2015,216299,GRAPES WINE,107,Tulare,8860,16.25,144000,297,Tons,42768000,0.001834085779,16.25282167,4827.088036
2015,216299,GRAPES WINE,97,Sonoma,58200,3.14,183000,2440.1,Tons,446539000,5.40E-05,3.144329897,7672.491409
2015,216299,GRAPES WINE,85,Santa Clara,1540,2.09,3220,1710.87,Tons,5509000,0.001357142857,2.090909091,3577.272727
2015,216299,GRAPES WINE,65,Riverside,2630,3.8,10000,1363.9,Tons,13639000,0.00144486692,3.802281369,5185.931559
2015,216299,GRAPES WINE,55,Napa,43000,2.88,124000,4410.76,Tons,546934000,6.70E-05,2.88372093,12719.39535
2015,216299,GRAPES WINE,45,Mendocino,16900,3.39,57300,1540.79,Tons,88287000,0.000200591716,3.390532544,5224.08284
2015,261999,ALMONDS ALL,31,Kings,21500,1.03,22100,7569.64,Tons,167289000,4.79E-05,1.027906977,7780.883721
2015,261999,ALMONDS ALL,19,Fresno,186000,1,186000,6300,Tons,1171800000,5.38E-06,1,6300
2015,261999,ALMONDS ALL,107,Tulare,45300,0.95,43000,7250,Tons,311750000,2.10E-05,0.9492273731,6881.898455
2015,378299,TOMATOES PROCESSING,85,Santa Clara,795,61.76,49100,81.06,Tons,3980000,0.07768553459,61.76100629,5006.289308
2015,378299,TOMATOES PROCESSING,31,Kings,31000,55.03,1706000,77.21,Tons,131725000,0.00177516129,55.03225806,4249.193548
2015,378299,TOMATOES PROCESSING,19,Fresno,97200,52.13,5067000,82,Tons,415494000,0.0005363168724,52.12962963,4274.62963
2016,378299,TOMATOES PROCESSING,19,Fresno,90400,49.42,4468000,72,Tons,321696000,0.0005466814159,49.42477876,3558.584071
2016,378299,TOMATOES PROCESSING,85,Santa Clara,480,56.25,27000,76.93,Tons,2077000,0.1171875,56.25,4327.083333
2016,378299,TOMATOES PROCESSING,31,Kings,29800,56.58,1686000,70.71,Tons,119216000,0.001898657718,56.57718121,4000.536913
2016,261999,ALMONDS ALL,31,Kings,23100,1.07,24800,4810.28,Tons,119295000,4.63E-05,1.073593074,5164.285714
2016,261999,ALMONDS ALL,19,Fresno,215000,1.17,252000,4633,Tons,1167516000,5.44E-06,1.172093023,5430.306977
2016,261999,ALMONDS ALL,107,Tulare,60900,1.09,66400,4400,Tons,292160000,1.79E-05,1.090311987,4797.372742
2016,216299,GRAPES WINE,65,Riverside,2630,2.09,5500,1746.18,Tons,9604000,0.0007946768061,2.091254753,3651.711027
2016,216299,GRAPES WINE,55,Napa,43400,3.53,153000,4768.02,Tons,729507000,8.13E-05,3.525345622,16808.91705
2016,216299,GRAPES WINE,45,Mendocino,16900,3.39,57300,1540.79,Tons,88287000,0.000200591716,3.390532544,5224.08284
2016,216299,GRAPES WINE,31,Kings,3730,13.62,50800,286.22,Tons,14540000,0.003651474531,13.61930295,3898.123324
2016,216299,GRAPES WINE,19,Fresno,75500,10,755000,382.85,Tons,289053000,0.0001324503311,10,3828.516556
2016,216299,GRAPES WINE,17,El Dorado,2340,2.58,6030,1449.59,Tons,8741000,0.001102564103,2.576923077,3735.470085
2016,216299,GRAPES WINE,1,Alameda,2630,4.83,12700,1432.2,Tons,18189000,0.001836501901,4.828897338,6915.969582
2016,216299,GRAPES WINE,107,Tulare,9940,15.29,152000,303,Tons,46056000,0.001538229376,15.2917505,4633.400402
2016,216299,GRAPES WINE,97,Sonoma,60000,3.77,226000,2595.21,Tons,586518000,6.28E-05,3.766666667,9775.3
2016,216299,GRAPES WINE,85,Santa Clara,1580,2.84,4490,1703.56,Tons,7649000,0.001797468354,2.841772152,4841.139241
2017,378299,TOMATOES PROCESSING,85,Santa Clara,322,55.9,18000,75.11,Tons,1352000,0.1736024845,55.90062112,4198.757764
2017,378299,TOMATOES PROCESSING,31,Kings,27100,57.31,1553000,71.09,Tons,110398000,0.002114760148,57.30627306,4073.726937
2017,378299,TOMATOES PROCESSING,19,Fresno,73400,51.69,3794000,67,Tons,254198000,0.0007042234332,51.6893733,3463.188011
2017,261999,ALMONDS ALL,31,Kings,27500,1.11,30500,4707.08,Tons,143566000,4.04E-05,1.109090909,5220.581818
2017,261999,ALMONDS ALL,19,Fresno,228000,1.13,258000,4526,Tons,1167708000,4.96E-06,1.131578947,5121.526316
2017,261999,ALMONDS ALL,107,Tulare,67400,1.02,68700,4640,Tons,318768000,1.51E-05,1.019287834,4729.495549
2017,216299,GRAPES WINE,65,Riverside,2530,3.44,8700,1520.34,Tons,13227000,0.001359683794,3.438735178,5228.063241
2017,216299,GRAPES WINE,55,Napa,43600,3.26,142000,5287.55,Tons,750832000,7.48E-05,3.256880734,17220.91743
2017,216299,GRAPES WINE,45,Mendocino,16900,3.39,57300,1540.79,Tons,88287000,0.000200591716,3.390532544,5224.08284
2017,216299,GRAPES WINE,31,Kings,3600,15.64,56300,287.14,Tons,16166000,0.004344444444,15.63888889,4490.555556
2017,216299,GRAPES WINE,19,Fresno,59700,13.32,795000,361.02,Tons,287013000,0.0002231155779,13.31658291,4807.58794
2017,216299,GRAPES WINE,17,El Dorado,2340,2.53,5930,1503.2,Tons,8914000,0.001081196581,2.534188034,3809.401709
2017,216299,GRAPES WINE,1,Alameda,2420,5.08,12300,1447.32,Tons,17802000,0.002099173554,5.082644628,7356.198347
2017,216299,GRAPES WINE,85,Santa Clara,1600,3.44,5510,1827.04,Tons,10067000,0.00215,3.44375,6291.875
2017,216299,GRAPES WINE,107,Tulare,9450,17.35,164000,308,Tons,50512000,0.001835978836,17.35449735,5345.185185
2017,216299,GRAPES WINE,97,Sonoma,60000,3.43,206000,2807.34,Tons,578313000,5.72E-05,3.433333333,9638.55
2018,378299,TOMATOES PROCESSING,19,Fresno,77100,56.52,4358000,68,Tons,296344000,0.00073307393,56.52399481,3843.631647
2018,378299,TOMATOES PROCESSING,31,Kings,32400,62.13,2013000,73.7,Tons,148368000,0.001917592593,62.12962963,4579.259259
2018,378299,TOMATOES PROCESSING,85,Santa Clara,348,56.9,19800,71.11,Tons,1408000,0.1635057471,56.89655172,4045.977011
2018,261999,ALMONDS ALL,31,Kings,29900,1.07,31900,4736.83,Tons,151105000,3.58E-05,1.066889632,5053.67893
2018,261999,ALMONDS ALL,19,Fresno,250000,0.96,240000,4626,Tons,1110240000,3.84E-06,0.96,4440.96
2018,261999,ALMONDS ALL,107,Tulare,67300,1,67300,4470,Tons,300831000,1.49E-05,1,4470
2018,216299,GRAPES WINE,65,Riverside,2310,3.81,8800,1623.52,Tons,14287000,0.001649350649,3.80952381,6184.848485
2018,216299,GRAPES WINE,55,Napa,43400,4.26,185000,5614.05,Tons,1038600000,9.82E-05,4.262672811,23930.87558
2018,216299,GRAPES WINE,45,Mendocino,16700,4.9,81900,1684.4,Tons,137952000,0.0002934131737,4.904191617,8260.598802
2018,216299,GRAPES WINE,31,Kings,3670,15.07,55300,293.16,Tons,16212000,0.00410626703,15.06811989,4417.438692
2018,216299,GRAPES WINE,19,Fresno,59500,12.92,769000,373.14,Tons,286941000,0.0002171428571,12.92436975,4822.537815
2018,216299,GRAPES WINE,17,El Dorado,2670,2.57,6850,1630.51,Tons,11169000,0.0009625468165,2.565543071,4183.146067
2018,216299,GRAPES WINE,1,Alameda,3390,5.34,18100,1503.04,Tons,27205000,0.001575221239,5.339233038,8025.073746
2018,216299,GRAPES WINE,107,Tulare,8410,17.72,149000,314,Tons,46786000,0.002107015458,17.71700357,5563.13912
2018,216299,GRAPES WINE,97,Sonoma,59900,4.61,276000,2817.66,Tons,777675000,7.70E-05,4.607679466,12982.88815
2018,216299,GRAPES WINE,85,Santa Clara,1670,3.74,6250,1797.6,Tons,11235000,0.002239520958,3.74251497,6727.54491
2019,378299,TOMATOES PROCESSING,85,Santa Clara,464,57.33,26600,79.1,Tons,2104000,0.1235560345,57.32758621,4534.482759
2019,378299,TOMATOES PROCESSING,31,Kings,27300,58.5,1597000,74.38,Tons,118784000,0.002142857143,58.4981685,4351.062271
2019,378299,TOMATOES PROCESSING,19,Fresno,74800,52.1,3897000,73,Tons,284481000,0.0006965240642,52.09893048,3803.221925
2019,261999,ALMONDS ALL,31,Kings,31900,1.19,38000,5079.21,Tons,193010000,3.73E-05,1.191222571,6050.470219
2019,261999,ALMONDS ALL,19,Fresno,264000,1.17,309000,4930,Tons,1523370000,4.43E-06,1.170454545,5770.340909
2019,261999,ALMONDS ALL,107,Tulare,78300,1.07,83700,4945.9,Tons,413972000,1.37E-05,1.068965517,5286.998723
2019,216299,GRAPES WINE,17,El Dorado,2640,2.66,7020,1722.51,Tons,12092000,0.001007575758,2.659090909,4580.30303
2019,216299,GRAPES WINE,1,Alameda,3390,5.34,18100,1503.04,Tons,27205000,0.001575221239,5.339233038,8025.073746
2019,216299,GRAPES WINE,19,Fresno,53500,13.83,740000,343.65,Tons,254300000,0.0002585046729,13.8317757,4753.271028
2019,216299,GRAPES WINE,31,Kings,3670,17.19,63100,268.86,Tons,16965000,0.004683923706,17.19346049,4622.615804
2019,216299,GRAPES WINE,107,Tulare,6260,18.69,117000,290,Tons,33930000,0.002985623003,18.69009585,5420.127796
2019,216299,GRAPES WINE,97,Sonoma,57500,4,230000,2843.57,Tons,654021000,6.96E-05,4,11374.27826
2019,216299,GRAPES WINE,85,Santa Clara,1700,3.4,5780,1997.4,Tons,11545000,0.002,3.4,6791.176471
2019,216299,GRAPES WINE,65,Riverside,1730,3.82,6600,2503.64,Tons,16524000,0.002208092486,3.815028902,9551.445087
2019,216299,GRAPES WINE,55,Napa,44200,3.62,160000,5862.26,Tons,937962000,8.19E-05,3.619909502,21220.85973
2019,216299,GRAPES WINE,45,Mendocino,16500,4.11,67800,1678.6,Tons,113809000,0.0002490909091,4.109090909,6897.515152
2020,378299,TOMATOES PROCESSING,85,Santa Clara,680,56.76,38600,79.04,Tons,3051000,0.08347058824,56.76470588,4486.764706
2020,378299,TOMATOES PROCESSING,31,Kings,29600,53.82,1593000,79.18,Tons,126133000,0.001818243243,53.81756757,4261.25
2020,378299,TOMATOES PROCESSING,19,Fresno,72400,52.5,3801000,75,Tons,285075000,0.0007251381215,52.5,3937.5
2020,261999,ALMONDS ALL,31,Kings,33400,1.21,40500,3506.02,Tons,141994000,3.62E-05,1.21257485,4251.317365
2020,261999,ALMONDS ALL,19,Fresno,275000,1.24,341000,3512,Tons,1197592000,4.51E-06,1.24,4354.88
2020,261999,ALMONDS ALL,107,Tulare,89000,1.1,97900,3460,Tons,338734000,1.24E-05,1.1,3806
2020,216299,GRAPES WINE,55,Napa,45200,2.2,99300,4646.48,Tons,461395000,4.87E-05,2.196902655,10207.85398
2020,216299,GRAPES WINE,45,Mendocino,16400,3.37,55200,1488.8,Tons,82182000,0.0002054878049,3.365853659,5011.097561
2020,216299,GRAPES WINE,31,Kings,3590,16.46,59100,286.87,Tons,16954000,0.004584958217,16.46239554,4722.562674
2020,216299,GRAPES WINE,19,Fresno,56900,12.13,690000,362.14,Tons,249877000,0.0002131810193,12.12653779,4391.511424
2020,216299,GRAPES WINE,17,El Dorado,2620,2.38,6240,1548.56,Tons,9663000,0.0009083969466,2.381679389,3688.167939
2020,216299,GRAPES WINE,1,Alameda,2530,5.14,13000,1497.69,Tons,19470000,0.002031620553,5.138339921,7695.652174
2020,216299,GRAPES WINE,65,Riverside,1740,6.72,11700,1623.93,Tons,19000000,0.003862068966,6.724137931,10919.54023
2020,216299,GRAPES WINE,107,Tulare,6500,17.23,112000,317,Tons,35504000,0.002650769231,17.23076923,5462.153846
2020,216299,GRAPES WINE,97,Sonoma,56800,2.61,148000,2375.08,Tons,351512000,4.60E-05,2.605633803,6188.591549
2020,216299,GRAPES WINE,85,Santa Clara,1730,3.49,6040,1983.77,Tons,11982000,0.00201734104,3.49132948,6926.011561