Year,city_name,lat,lon,temp,visibility,dew_point,feels_like,temp_min,temp_max,pressure,sea_level,grnd_level,humidity,wind_speed,wind_deg,wind_gust,rain_1h,rain_3h,snow_1h,snow_3h,clouds_all,weather_id,weather_main,weather_description,weather_icon,high_temp_days,low_temp_days,heavy_rain_days,snow_days,high_wind_days,low_visibility_days,cloudy_days
1980,Eureka,40.802071,-124.163673,53.760281,8547.504026,49.39988055,52.43343117,51.59450057,56.19059613,1017.299886,,,85.58589306,8.650990899,231.5817975,,0.8265565345,,,,58.74357224,500,Rain,light rain,10d,21,15,16,0,43,51,47
1980,Fresno,36.737798,-119.787125,62.87313894,8164.104324,47.57321253,61.76096008,61.83297614,63.93638938,1014.938113,,,61.41380464,5.389055531,233.897636,27.05672131,0.8514285714,,,,33.68454505,520,Rain,light intensity shower rain,09d,21,29,6,0,36,63,55
1980,Los Angeles,34.054908,-118.242643,68.10552709,,54.61078893,68.0634893,65.08763206,70.4976924,1014.416211,,,65.69558288,4.111071266,164.462204,,1.035643564,,,,34.13513206,803,Clouds,broken clouds,04d,47,10,9,0,60,0,52
1980,Palm Springs,33.830296,-116.545292,71.59292874,9914.455446,46.36441414,70.40346176,68.7968451,75.55306967,1013.578361,,,46.1803614,5.180912604,227.9191954,31.64019417,0.6926958525,,,,28.59245369,804,Clouds,overcast clouds,04d,26,15,5,0,28,11,70
1980,Riverside,33.980601,-117.375494,64.82108948,,50.06413707,64.07811475,63.18381831,66.46980077,1014.523793,,,63.03779599,3.153901412,171.2929189,,0.9602836879,,,,35.26605191,804,Clouds,overcast clouds,04d,34,11,9,0,3,0,62
1980,San Francisco,37.774929,-122.419415,57.22195014,,51.44514458,56.30229964,55.87880464,58.57274249,1016.351321,,,81.93180783,8.451977459,235.5536202,,0.8315120275,,,,49.58777322,804,Clouds,overcast clouds,04d,19,32,6,0,47,0,40
1980,South Lake Tahoe,38.939926,-119.977187,42.60595112,9219.130435,31.12348125,39.64325149,40.63181214,44.62480122,1016.461876,,,67.8192364,5.013816871,185.4723505,28.59286052,0.6592561983,,0.6412355212,,45.87656268,741,Fog,fog,50d,25,24,10,6,35,32,53
1981,Eureka,40.802071,-124.163673,54.65758837,8792.270531,50.20785177,53.48792474,52.51536146,57.07144356,1017.038198,,,85.32576967,9.222615735,229.7302166,,0.884138756,,,,62.09201824,741,Fog,fog,50d,30,7,14,0,57,42,59
1981,Fresno,36.737798,-119.787125,64.33336949,8387.928716,48.90173787,63.25860769,63.30097517,65.3326616,1014.333259,,,62.34254082,5.364246254,233.3654663,26.2666,0.7839660494,,,,36.36938045,800,Clear,sky is clear,01d,30,31,4,0,28,53,48
1981,Los Angeles,34.054908,-118.242643,69.2673847,,56.93198516,69.50359703,66.24541781,71.60664726,1013.951598,,,68.1576484,4.038409817,163.6797945,,1.014901961,,,,33.48253425,802,Clouds,scattered clouds,03d,76,21,7,0,56,0,41
1981,Palm Springs,33.830296,-116.545292,73.18506303,9748.496241,47.65511073,72.00492447,70.48659057,77.10708575,1013.026689,,,45.49131175,4.958094265,225.4573538,29.8134375,0.5836220472,,,,30.3794435,804,Clouds,overcast clouds,04d,38,24,2,0,27,21,77
1981,Riverside,33.980601,-117.375494,65.91821005,10000,51.64765183,65.2566895,64.30964726,67.51441324,1014.03984,,,64.01267123,3.1270879,175.9186073,,0.682739212,,,,34.88710046,801,Clouds,few clouds,02d,49,24,4,0,4,0,52
1981,San Francisco,37.774929,-122.419415,57.83714498,,52.33680936,56.95194064,56.40792352,59.24111758,1015.794178,,,82.76723744,9.130744292,243.7172374,,0.7582311321,,,,51.98287671,803,Clouds,broken clouds,04d,25,21,10,0,60,0,50
1981,South Lake Tahoe,38.939926,-119.977187,44.52483794,9163.146192,31.29815584,41.8160271,42.59511124,46.60878148,1016.063693,,,65.63636364,4.970077922,185.504009,26.44462838,0.8248679868,,0.6779041096,,47.82619989,800,Clear,sky is clear,01d,47,26,15,7,29,37,59
1982,Eureka,40.802071,-124.163673,53.1442065,9146.967742,48.52696748,51.31762693,51.0098996,55.49728694,1016.698802,,,84.69503708,9.714629778,229.9301768,,0.9046995708,,,,57.10188249,500,Rain,light rain,10d,45,51,19,0,69,33,41
1982,Fresno,36.737798,-119.787125,61.79385847,8736.499069,48.41394469,60.64708095,60.81243086,62.77325272,1014.582018,,,65.79240846,5.446430411,229.9333781,25.04181818,0.9064779162,,,,39.81827343,804,Clouds,overcast clouds,04d,12,63,14,0,22,53,56
1982,Los Angeles,34.054908,-118.242643,66.39214269,,53.92595776,66.1552968,63.60948174,68.6837968,1014.269064,,,67.47956621,4.234252283,163.0594749,,0.8146930693,,,,41.41769406,804,Clouds,overcast clouds,04d,51,51,5,0,67,0,66
1982,Palm Springs,33.830296,-116.545292,69.3128225,9876.923077,47.71371627,68.29466014,66.62471821,73.11064443,1013.363429,,,51.33564841,5.11235341,225.7825344,29.47313433,0.7982653061,,,,36.84629398,803,Clouds,broken clouds,04d,17,57,13,0,30,21,97
1982,Riverside,33.980601,-117.375494,62.81960845,,50.29218265,62.11610388,61.1232911,64.52497945,1014.377854,,,67.1413242,3.181407534,170.7070776,,0.7707202881,,,,43.31803653,804,Clouds,overcast clouds,04d,34,51,7,0,11,0,77
1982,San Francisco,37.774929,-122.419415,56.31979909,,50.4382774,55.07690868,54.88169863,57.76781849,1015.884475,,,81.49041096,8.841642694,235.6861872,,0.8831475748,,,,52.0847032,501,Rain,moderate rain,10d,22,70,12,0,53,0,44
1982,South Lake Tahoe,38.939926,-119.977187,40.36856203,8872.253865,30.33831594,37.35350533,38.22415287,42.78034702,1016.283738,,,70.65774552,4.686316625,183.6822409,30.36649635,0.7675107296,,0.9441035475,,51.37729644,601,Snow,snow,13d,21,70,16,15,32,43,62
1983,Eureka,40.802071,-124.163673,55.18964954,,50.74146918,54.01568836,53.35711644,57.2824395,1014.965868,,,85.24783105,10.17700913,228.2754566,,0.9299055794,,,,62.8533105,801,Clouds,few clouds,02d,71,8,22,0,81,0,70
1983,Fresno,36.737798,-119.787125,64.17950571,,50.1899258,63.36378995,63.28501941,65.10967009,1013.794635,,,64.13504566,4.778986301,233.8020548,,0.8635401831,,,,40.693379,800,Clear,sky is clear,01d,27,28,14,0,12,0,65
1983,Los Angeles,34.054908,-118.242643,67.47866324,,56.70455251,67.62454338,64.9083242,69.54635502,1013.678539,,,71.04646119,4.182239726,168.1480594,,1.103436242,,,,39.04121005,800,Clear,sky is clear,01d,57,35,15,0,78,0,60
1983,Palm Springs,33.830296,-116.545292,70.31325,,50.08780023,69.48937671,67.67261986,74.14685046,1012.903995,,,53.81347032,4.446531963,229.8808219,,0.7413715278,,,,34.67305936,800,Clear,sky is clear,01d,15,41,11,0,13,0,92
1983,Riverside,33.980601,-117.375494,63.85703653,,52.76916553,63.42037557,62.19682306,65.55405251,1013.869863,,,70.25924658,3.080987443,174.6444064,,0.8955360281,,,,42.78527397,800,Clear,sky is clear,01d,33,34,12,0,2,0,85
1983,San Francisco,37.774929,-122.419415,58.84455023,,52.93039384,58.06865982,57.48487443,60.19919521,1014.664954,,,81.56118721,9.371518265,235.0318493,,0.8664850746,,,,54.025,800,Clear,sky is clear,01d,53,25,18,0,71,0,54
1983,South Lake Tahoe,38.939926,-119.977187,41.88817694,,32.55725342,39.19561986,39.91922717,43.84594635,1015.364498,,,72.44440639,4.297415525,199.3109589,,0.7061023622,,0.7922540666,,54.60296804,800,Clear,sky is clear,01d,17,35,20,19,11,0,78
1984,Eureka,40.802071,-124.163673,53.06007049,8732.914923,48.59792951,51.4699477,50.92298692,55.29992837,1017.749517,,,85.09880614,9.385530415,229.9565662,,0.8264071856,,,,53.17123366,711,Smoke,smoke,50d,25,33,13,0,53,38,28
1984,Fresno,36.737798,-119.787125,64.82965401,8874.658988,47.42676072,63.70895197,63.71456276,65.95197738,1014.492442,,,58.07490763,5.46742806,234.1957228,25.84921053,0.7153304904,,,,33.97111186,804,Clouds,overcast clouds,04d,61,44,3,0,35,49,32
1984,Los Angeles,34.054908,-118.242643,69.01863957,,54.95867714,69.16049636,66.27398679,71.17766963,1013.60929,,,64.21106557,4.261429872,162.6321721,,0.6903942652,,,,31.11680328,803,Clouds,broken clouds,04d,92,36,1,0,77,0,30
1984,Palm Springs,33.830296,-116.545292,71.4452263,9688.297872,48.28338764,70.89110772,68.67780493,75.32903372,1013.116542,,,48.44331297,4.809538357,213.7446255,30.92135135,0.678490566,,,,32.00961756,804,Clouds,overcast clouds,04d,20,44,8,0,26,21,68
1984,Riverside,33.980601,-117.375494,65.26766447,7200,50.41699294,64.67522991,63.66959709,66.89139313,1013.756203,,,62.32824949,3.190604371,170.483155,,0.57102,,,,34.40052356,804,Clouds,overcast clouds,04d,58,39,6,0,4,2,29
1984,San Francisco,37.774929,-122.419415,58.11247268,,51.6816826,57.14075137,56.67483948,59.53989071,1016.104394,,,80.21516393,8.908428962,244.0553279,,0.746446281,,,,44.52459016,800,Clear,sky is clear,01d,48,41,7,0,61,0,31
1984,South Lake Tahoe,38.939926,-119.977187,42.39606301,9440.774487,30.80384859,39.61493314,40.33483001,44.73525499,1016.94549,,,67.38825929,4.653176564,180.4298504,30.19748201,0.5473362445,,0.6793188406,,46.35936083,804,Clouds,overcast clouds,04d,30,41,6,8,21,26,34
1985,Eureka,40.802071,-124.163673,51.93849259,8214.075993,47.50679475,50.11033181,49.73060661,54.3437081,1018.098974,,,85.22474344,8.073083238,224.518016,,0.6668680297,,,,51.56830103,800,Clear,sky is clear,01d,17,66,9,0,36,58,27
1985,Fresno,36.737798,-119.787125,63.04510096,8522.458062,47.2734945,61.95390397,61.98874916,64.10177249,1014.941665,,,60.63136639,4.885999551,228.1428091,24.70774194,0.7601188119,,,,32.43515818,721,Haze,haze,50d,29,67,4,0,15,61,33
1985,Los Angeles,34.054908,-118.242643,67.03163242,,53.75749429,66.76146005,64.17259475,69.29701712,1014.723516,,,65.7576484,4.256650685,163.8034247,,0.7281560284,,,,32.6359589,800,Clear,sky is clear,01d,53,50,2,0,80,0,31
1985,Palm Springs,33.830296,-116.545292,70.13715846,9365.243902,45.8846559,68.72042202,67.44225003,73.89767489,1013.820498,,,47.35286088,4.816554431,227.4397679,28.11,0.5232212885,,,,29.78409737,800,Clear,sky is clear,01d,26,58,2,0,14,27,76
1985,Riverside,33.980601,-117.375494,63.36460731,,49.05486758,62.44464041,61.74962785,64.99059247,1014.798174,,,63.47431507,3.318123288,170.0997717,,0.5570636215,,,,33.64657534,800,Clear,sky is clear,01d,35,52,6,0,9,0,50
1985,San Francisco,37.774929,-122.419415,56.57359247,,50.51394977,55.32860845,55.15457763,58.00209132,1016.562329,,,81.14109589,8.287616438,235.359589,,0.7517291667,,,,47.32659817,800,Clear,sky is clear,01d,32,83,4,0,33,0,32
1985,South Lake Tahoe,38.939926,-119.977187,41.42748721,9281.11824,29.98381975,38.75767019,39.30237868,43.73316059,1017.408228,,,67.80918286,4.431574043,177.2170701,30.24959184,0.4699182561,,0.8206233062,,42.41834299,800,Clear,sky is clear,01d,36,71,4,11,19,30,30
1986,Eureka,40.802071,-124.163673,53.99459836,8342.825444,49.80089799,52.82846189,51.80653925,56.35923665,1016.801461,,,86.11775445,8.633911456,223.9499087,,0.8871353826,,,,58.54301689,701,Mist,mist,50d,9,2,13,0,45,45,39
1986,Fresno,36.737798,-119.787125,64.51920203,8385.007123,49.16837254,63.53351829,63.56155993,65.52694766,1014.738998,,,61.46268993,5.019413618,229.5184018,22.0828,1.056323024,,,,33.28081035,701,Mist,mist,50d,18,24,8,0,21,52,45
1986,Los Angeles,34.054908,-118.242643,67.89293493,,55.90347032,67.91304795,64.89482192,70.23007306,1014.715868,,,68.59212329,4.080518265,162.4038813,,0.9804255319,,,,34.57625571,804,Clouds,overcast clouds,04d,43,16,5,0,58,0,47
1986,Palm Springs,33.830296,-116.545292,71.67573588,9619.270073,46.66923173,70.52666667,68.96574611,75.47488465,1013.857938,,,46.10478463,4.687465621,224.0107967,28.4,0.6396923077,,,,30.06784862,804,Clouds,overcast clouds,04d,17,17,9,0,16,20,73
1986,Riverside,33.980601,-117.375494,64.49687058,4533.333333,50.98705547,63.79799817,62.82496576,66.13183748,1014.786122,,,65.0844556,3.126116184,172.7316823,,0.7941896552,,,,34.42216389,804,Clouds,overcast clouds,04d,22,17,7,0,1,3,55
1986,San Francisco,37.774929,-122.419415,58.03439612,,52.65182306,57.28219749,56.66430822,59.40356735,1016.176484,,,83.2152968,8.329875571,239.0349315,,0.9166945607,,,,52.14269406,802,Clouds,scattered clouds,03d,16,24,7,0,47,0,35
1986,South Lake Tahoe,38.939926,-119.977187,44.00319859,9512.479201,31.32482571,41.25229136,42.14810605,45.95590099,1016.723856,,,65.21062791,4.80058022,182.2342455,30.57300971,0.9111704312,,0.7983206107,,43.57374815,802,Clouds,scattered clouds,03d,47,17,12,9,30,18,40
1987,Eureka,40.802071,-124.163673,54.11733151,8368.371361,49.29968754,52.66672026,51.80181549,56.61158627,1017.04687,,,84.26422625,9.076389554,226.8599612,,0.8843536932,,,,56.45022237,802,Clouds,scattered clouds,03d,23,25,16,0,58,56,35
1987,Fresno,36.737798,-119.787125,63.87895472,9021.649832,48.50488624,62.73353909,62.89129421,64.86451453,1014.632575,,,61.44075242,4.971843884,229.1736878,23.39190476,0.7802146691,,,,34.54314035,801,Clouds,few clouds,02d,15,52,6,0,6,31,35
1987,Los Angeles,34.054908,-118.242643,67.19440753,,54.72172945,67.02215297,64.33445662,69.47146918,1014.52032,,,67.61552511,4.256538813,167.8317352,,0.7441019417,,,,36.37534247,804,Clouds,overcast clouds,04d,40,50,4,0,74,0,44
1987,Palm Springs,33.830296,-116.545292,70.61887282,9855.364238,46.1375316,69.26394626,67.8994922,74.44814414,1013.707959,,,46.92770124,4.80270978,219.2416031,30.16333333,0.6687559809,,,,31.11237618,803,Clouds,broken clouds,04d,13,53,7,0,20,15,69
1987,Riverside,33.980601,-117.375494,63.56457948,5828.571429,49.86582449,62.77522424,61.9466039,65.18487504,1014.585872,,,64.82802693,3.237021568,173.5143216,,0.6452584934,,,,37.31267831,804,Clouds,overcast clouds,04d,16,54,7,0,7,3,52
1987,San Francisco,37.774929,-122.419415,57.91828311,,51.76802397,56.94414041,56.57062329,59.25609703,1016.17363,,,80.93356164,8.512004566,235.5841324,,0.7751894563,,,,51.05205479,804,Clouds,overcast clouds,04d,30,47,6,0,50,0,33
1987,South Lake Tahoe,38.939926,-119.977187,43.68792077,9447.300945,30.37681494,41.00274024,41.72453763,45.78497453,1017.013922,,,64.28421053,4.31424335,179.2910017,27.85711712,0.528858075,,0.7060849057,,48.40520656,803,Clouds,broken clouds,04d,28,55,8,6,19,23,52
1988,Eureka,40.802071,-124.163673,53.03450318,7983.736264,48.58602092,51.51408026,50.65816053,55.50440427,1018.464529,,,85.24954525,8.184622556,223.2791041,,0.7689205397,,,,56.09606639,804,Clouds,overcast clouds,04d,12,27,7,0,29,70,33
1988,Fresno,36.737798,-119.787125,64.49019667,8877.04115,48.05917622,63.42885817,63.38616655,65.54129243,1015.451113,,,59.84063835,4.826693639,231.3977298,24.428,0.7480125523,,0.11,,30.1301416,804,Clouds,overcast clouds,04d,39,35,2,0,13,51,34
1988,Los Angeles,34.054908,-118.242643,68.17340733,,54.28341416,68.12154599,65.13967213,70.58772541,1014.975524,,,65.01775956,4.26537796,164.9571949,,0.876851312,,,,31.37477231,804,Clouds,overcast clouds,04d,52,38,6,0,65,0,38
1988,Palm Springs,33.830296,-116.545292,71.83549494,9782.752294,45.63809978,70.61113763,69.05223094,75.72229344,1014.182293,,,44.00011365,4.673032163,217.5840436,32.04190476,0.5786925795,,,,27.10489828,804,Clouds,overcast clouds,04d,22,45,5,0,13,15,68
1988,Riverside,33.980601,-117.375494,64.37894581,7400,49.26851662,63.57695469,62.80006944,65.93727231,1015.039845,,,61.90084244,3.295644353,173.0738843,,0.696528777,,,,30.97643443,804,Clouds,overcast clouds,04d,28,38,5,0,8,1,44
1988,San Francisco,37.774929,-122.419415,57.7990255,,51.60938638,56.81646289,56.42479053,59.1629622,1017.122723,,,80.97290528,8.385558971,239.5067168,,0.6690423573,,,,48.28119308,802,Clouds,scattered clouds,03d,36,35,3,0,45,0,32
1988,South Lake Tahoe,38.939926,-119.977187,44.1333492,9406.509946,30.91985157,41.39397122,42.15822116,46.31144573,1017.841491,,,64.2814412,4.448914571,181.9579651,27.66333333,0.5728697572,,0.659491256,,42.23895309,800,Clear,sky is clear,01d,49,45,4,6,18,20,40
1989,Eureka,40.802071,-124.163673,52.42923305,8079.245283,48.30196125,50.88727066,50.12177664,54.79572536,1018.38792,,,86.20957265,7.884049003,215.6410256,,0.6773534073,,0.3934285714,,54.45219373,802,Clouds,scattered clouds,03d,7,44,5,0,28,71,31
1989,Fresno,36.737798,-119.787125,63.41882756,8570.134875,47.85380283,62.26522257,62.3132464,64.52454699,1015.498876,,,61.61578237,5.153620728,239.143098,29.22666667,0.7540524781,,,,27.59700989,804,Clouds,overcast clouds,04d,12,61,4,0,16,67,27
1989,Los Angeles,34.054908,-118.242643,67.92470776,,53.31185959,67.67368379,64.83474658,70.40495205,1014.996005,,,63.32636986,4.16405137,161.1476027,,0.5139330544,,,,31.46027397,500,Rain,light rain,10d,56,48,0,0,62,0,34
1989,Palm Springs,33.830296,-116.545292,71.88707573,9818.536585,43.9235641,70.45641766,69.0925365,75.72037979,1014.00787,,,41.48061131,4.999816378,226.5919252,30.494,0.477092511,,,,25.27828467,803,Clouds,broken clouds,04d,19,51,4,0,21,10,49
1989,Riverside,33.980601,-117.375494,64.3273853,6480,48.55762954,63.39781557,62.73334399,65.86868067,1015.045652,,,60.60134672,3.280787491,171.7549646,,0.5169346734,,,,30.24183976,500,Rain,light rain,10d,23,53,0,0,4,2,36
1989,San Francisco,37.774929,-122.419415,57.04386758,,51.47928196,55.99673744,55.60507991,58.46357534,1017.103196,,,82.54349315,8.159068493,232.5208904,,0.6091712707,,,,46.68961187,803,Clouds,broken clouds,04d,32,61,3,0,39,0,36
1989,South Lake Tahoe,38.939926,-119.977187,42.25727242,9670.314465,30.25159791,39.51549381,40.25275259,44.33588021,1017.758154,,,66.9294238,4.775103989,182.7827026,27.35985294,0.5874789916,,0.7200530035,,40.48255484,803,Clouds,broken clouds,04d,18,52,4,10,28,16,31
1990,Eureka,40.802071,-124.163673,53.07652352,8651.128915,48.86870372,51.41804989,50.83457911,55.52047386,1018.183848,,,85.9304021,8.329661693,228.1640278,,0.7661897356,,0.6,,56.2976421,500,Rain,light rain,10d,67,53,6,2,38,38,33
1990,Fresno,36.737798,-119.787125,63.80095666,8754.118716,46.64397822,62.5846755,62.65323153,64.89852796,1015.016506,,,58.10004491,5.143423535,236.5004491,23.39142857,0.8222486772,,,,26.68538064,721,Haze,haze,50d,32,63,5,0,18,52,27
1990,Los Angeles,34.054908,-118.242643,67.99113356,,52.56058219,67.75705594,65.06657078,70.29900457,1014.574315,,,61.65308219,4.301795662,166.0042237,,0.7457758621,,,,30.59212329,800,Clear,sky is clear,01d,64,51,1,0,85,0,33
1990,Palm Springs,33.830296,-116.545292,71.1526153,9807.54717,43.91219635,69.75231621,68.42627055,74.96698288,1013.738584,,,42.2466895,5.00246347,225.8386986,38.30967213,0.5141198502,,0.2077777778,,26.66518265,800,Clear,sky is clear,01d,35,54,6,0,30,20,58
1990,Riverside,33.980601,-117.375494,64.49452802,9000,47.8230533,63.57601986,62.86166534,66.1423091,1014.660883,,,59.05239128,3.299961192,173.3239356,43.84,0.6484745763,,0.14,,31.78255907,800,Clear,sky is clear,01d,50,54,2,1,4,1,46
1990,San Francisco,37.774929,-122.419415,57.52982877,,51.47777854,56.41525571,56.09769178,58.94810616,1016.751256,,,81.29623288,8.58421347,248.3010274,,0.6652088452,,,,46.41678082,802,Clouds,scattered clouds,03d,45,60,1,0,47,0,28
1990,South Lake Tahoe,38.939926,-119.977187,42.57189706,9654.013605,29.94965953,40.03794921,40.61881462,44.66717946,1017.05033,,,64.89740378,4.54012184,187.4380551,26.58353741,0.4955700935,,0.6163636364,,40.51969939,800,Clear,sky is clear,01d,31,59,6,3,21,24,31
1991,Eureka,40.802071,-124.163673,52.5703637,8226.741573,48.29835139,50.93842663,50.26671645,54.9865956,1017.476114,,,85.82943792,8.153592521,223.4470414,,0.7211769547,,,,53.24991449,800,Clear,sky is clear,01d,26,34,5,0,38,57,34
1991,Fresno,36.737798,-119.787125,63.75560076,8754.110236,47.47078116,62.64878161,62.67838485,64.80043385,1014.683938,,,59.79959537,5.362566033,223.8983927,27.02185185,0.8421400778,,,,27.62515455,800,Clear,sky is clear,01d,18,43,6,0,37,48,27
1991,Los Angeles,34.054908,-118.242643,67.28640411,,53.87006164,67.17838699,64.28189954,69.66679452,1014.588014,,,65.56130137,4.223791096,169.4908676,,1.03664723,,,,31.40228311,803,Clouds,broken clouds,04d,42,34,4,0,75,0,33
1991,Palm Springs,33.830296,-116.545292,70.74266332,9566.115702,45.65963174,69.35364611,67.97751226,74.67542013,1013.623874,,,45.65032493,4.659252081,224.1576787,35.67041667,0.9296285714,,,,26.69604378,803,Clouds,broken clouds,04d,10,37,10,0,17,15,60
1991,Riverside,33.980601,-117.375494,63.87030701,5200,48.77043027,63.02624401,62.24160123,65.49177243,1014.584456,,,61.89397398,3.195615156,176.0990641,,0.9878356713,,,,30.72357909,803,Clouds,broken clouds,04d,17,35,6,0,6,2,35
1991,San Francisco,37.774929,-122.419415,56.90492009,,51.36207534,55.93188699,55.53332877,58.26266895,1016.27032,,,82.73105023,8.369482877,238.6905251,,0.8137005164,,,,51.41289954,800,Clear,sky is clear,01d,21,42,4,0,51,0,31
1991,South Lake Tahoe,38.939926,-119.977187,42.56193391,9487.548387,29.78028503,39.95159664,40.58351124,44.66076084,1016.911083,,,65.09811492,4.422106518,185.0667727,24.65931174,0.671571754,,0.7049261745,,42.95400863,800,Clear,sky is clear,01d,20,43,8,7,20,23,42
1992,Eureka,40.802071,-124.163673,55.23914809,8656.104869,50.73288899,54.13082689,53.01801979,57.731846,1015.802889,,,85.2205414,8.194298226,215.7325978,28.63,0.7797362942,,,,56.06426297,802,Clouds,scattered clouds,03d,67,16,11,0,38,45,20
1992,Fresno,36.737798,-119.787125,65.18301222,8705.553741,49.83306381,64.21231132,64.11993047,66.24005607,1013.874061,,,62.22406639,5.202952787,221.9020971,25.95,0.8228384992,,,,35.24526186,801,Clouds,few clouds,02d,27,49,9,0,25,43,46
1992,Los Angeles,34.054908,-118.242643,68.70410178,,56.84715847,69.04276298,65.91795423,70.82905738,1013.774021,,,69.11885246,4.126681466,162.2041211,,1.005472371,,,,38.2098133,803,Clouds,broken clouds,04d,60,30,8,0,60,0,51
1992,Palm Springs,33.830296,-116.545292,71.74912841,9666.297683,46.76440682,70.57306818,69.07512727,75.69111136,1013.224659,,,46.46977273,4.487917045,220.0567045,28.92055556,0.7856148492,,,,32.99306818,800,Clear,sky is clear,01d,23,50,14,0,7,15,84
1992,Riverside,33.980601,-117.375494,65.28401753,9023.5,51.06204007,64.62488274,63.63465733,66.9499704,1013.921903,,,64.1609745,3.194347678,167.9139344,,0.8823066667,,,,39.09107468,802,Clouds,scattered clouds,03d,39,37,9,0,1,1,57
1992,San Francisco,37.774929,-122.419415,59.01337546,,53.5707377,58.2854383,57.66482354,60.37054872,1015.183971,,,83.08868397,8.000548725,228.9002732,,0.6963350785,,,,53.09437614,803,Clouds,broken clouds,04d,42,39,4,0,31,0,32
1992,South Lake Tahoe,38.939926,-119.977187,44.23504933,9644.946353,31.34907586,41.67766187,42.27562309,46.35651888,1016.229618,,,65.56332918,4.574473296,182.30525,24.25188889,0.5485923218,,0.7234090909,,46.15115092,801,Clouds,few clouds,02d,23,46,7,7,16,17,45
1993,Eureka,40.802071,-124.163673,53.91243391,8756.099456,49.24181404,52.60407019,51.76851413,56.25618619,1016.497721,,,84.64551048,8.301359389,210.6782133,,0.7505005889,,,,56.61861896,500,Rain,light rain,10d,31,32,11,0,30,35,39
1993,Fresno,36.737798,-119.787125,64.13865845,9125.931738,49.23992202,63.11897378,63.16838834,65.11069846,1014.373192,,,62.59391953,5.242857143,227.1445524,28.31190476,0.8329470672,,,,34.50858951,804,Clouds,overcast clouds,04d,12,31,6,0,26,38,47
1993,Los Angeles,34.054908,-118.242643,67.80772146,,56.12874429,67.91859475,65.0261347,70.00905023,1014.174201,,,69.68447489,4.170131279,160.1181507,,1.335719697,,,,36.56381279,802,Clouds,scattered clouds,03d,40,33,13,0,72,0,48
1993,Palm Springs,33.830296,-116.545292,71.24043216,9453.328494,46.89653247,69.94645855,68.50016149,75.13205959,1013.415103,,,48.04571818,4.79611168,227.4719663,33.01075,0.9329233871,,,,30.39406346,800,Clear,sky is clear,01d,13,45,11,0,10,16,70
1993,Riverside,33.980601,-117.375494,64.34740525,,51.02302397,63.66515183,62.67012557,65.98679909,1014.297374,,,66.08687215,3.250281963,170.1313927,,1.268527443,,,,36.24257991,800,Clear,sky is clear,01d,17,35,17,0,6,0,51
1993,San Francisco,37.774929,-122.419415,58.64913356,,52.62119406,57.82534932,57.22003082,60.05754795,1015.564269,,,81.48230594,8.359234018,228.4453196,,0.7467840376,,,,51.39417808,500,Rain,light rain,10d,47,39,6,0,47,0,44
1993,South Lake Tahoe,38.939926,-119.977187,42.59777123,9522.551587,30.77983692,39.75904643,40.58983805,44.73798188,1016.559909,,,67.16942242,4.884407701,181.0872027,25.9867433,0.4908287293,,0.7790387016,,46.04020385,804,Clouds,overcast clouds,04d,16,53,6,10,28,20,47
1994,Eureka,40.802071,-124.163673,53.30734405,9028.984375,48.98281104,51.81481697,51.16707948,55.6768936,1017.644999,,,85.60348957,8.251609077,221.8697685,,0.76,,,,55.09271297,804,Clouds,overcast clouds,04d,34,40,10,0,28,23,30
1994,Fresno,36.737798,-119.787125,64.042935,9009.04,47.74101332,62.80586775,62.96387046,65.09091966,1014.914466,,,60.57266983,5.022005191,231.7055969,25.165,0.6777288732,,,,33.39832995,804,Clouds,overcast clouds,04d,30,49,1,0,17,42,35
1994,Los Angeles,34.054908,-118.242643,67.31053881,,54.84698059,67.27616096,64.36363927,69.68191895,1014.658333,,,67.48458904,4.113744292,161.1031963,,0.7524715909,,,,33.09828767,800,Clear,sky is clear,01d,53,43,3,0,63,0,32
1994,Palm Springs,33.830296,-116.545292,71.30490261,9579.356187,46.32037362,70.14397084,68.56736872,75.08519194,1013.703155,,,46.16072446,4.693229297,230.1839617,31.26782609,0.5570317003,,,,29.99738011,800,Clear,sky is clear,01d,31,54,7,0,15,23,67
1994,Riverside,33.980601,-117.375494,63.70832306,10000,50.57090639,63.03569749,62.05828767,65.34475571,1014.720776,,,65.67819635,3.147872146,171.6819635,,0.6837862319,,,,34.20593607,800,Clear,sky is clear,01d,33,50,4,0,0,0,37
1994,San Francisco,37.774929,-122.419415,57.0328984,,51.67618379,56.06278311,55.61699886,58.44837443,1016.480479,,,83.09440639,8.174351598,238.0034247,,0.7773899371,,,,49.43869863,804,Clouds,overcast clouds,04d,16,57,4,0,37,0,26
1994,South Lake Tahoe,38.939926,-119.977187,43.88114756,9392.763211,29.72140863,41.15134166,41.97455278,45.95042338,1016.823496,,,63.25414302,4.761337117,187.6676504,25.93562963,0.538857868,,0.5945174825,,43.09194098,804,Clouds,overcast clouds,04d,51,49,7,2,22,26,41
1995,Eureka,40.802071,-124.163673,55.05019501,9066.207455,50.83076063,53.96366975,52.94001711,57.46234348,1015.904208,,,86.09054624,8.502205497,217.9387615,,0.9633502825,,,,60.29615692,804,Clouds,overcast clouds,04d,55,13,20,0,43,24,44
1995,Fresno,36.737798,-119.787125,64.35697672,8573.278062,50.87121921,63.53417726,63.40354628,65.3254572,1014.304578,,,65.76403104,5.048132943,216.1826566,22.84214286,0.7919565217,,,,36.7469351,721,Haze,haze,50d,21,19,8,0,23,48,59
1995,Los Angeles,34.054908,-118.242643,68.22642352,,57.20283562,68.34829566,65.18274886,70.63783904,1013.980137,,,71.31541096,4.005436073,164.4756849,,1.237992278,,,,37.48515982,804,Clouds,overcast clouds,04d,57,30,10,0,65,0,65
1995,Palm Springs,33.830296,-116.545292,71.86281859,9470.232645,47.85341875,70.68907869,69.11153058,75.74124815,1013.249972,,,48.7177998,4.662524769,228.5761303,35.53296296,0.82375,,,,31.47819155,803,Clouds,broken clouds,04d,27,37,8,0,19,14,79
1995,Riverside,33.980601,-117.375494,64.93982536,10000,52.11680288,64.33231595,63.28203744,66.60624586,1014.09782,,,67.52950576,3.035995891,171.102728,,0.9177602108,,,,37.54114827,804,Clouds,overcast clouds,04d,38,33,11,0,2,0,72
1995,San Francisco,37.774929,-122.419415,58.82226256,,53.45992808,58.19248516,57.52331164,60.11498744,1015.403082,,,83.48390411,8.194479452,240.4359589,,0.8481549439,,,,53.72990868,501,Rain,moderate rain,10d,37,20,10,0,46,0,55
1995,South Lake Tahoe,38.939926,-119.977187,43.77285779,9247.17704,31.88245892,41.0999796,41.74254278,45.96184476,1016.264476,,,67.72759207,4.783400567,183.7168272,27.54083333,0.7904692557,,0.806203271,,46.62832861,804,Clouds,overcast clouds,04d,24,34,17,14,26,42,70
1996,Eureka,40.802071,-124.163673,54.37575247,8880.288097,50.00099306,53.15027869,52.02289728,56.99156637,1016.881356,,,85.51473097,8.796543055,222.3220339,,0.9970797414,,,,55.5832101,802,Clouds,scattered clouds,03d,32,17,25,0,39,37,36
1996,Fresno,36.737798,-119.787125,64.08374158,8897.709846,49.08210644,63.03284707,62.74220797,65.42439564,1014.837875,,,64.24227851,5.763283104,193.0888105,21.15899522,1.142291221,3.042424242,,,31.65341456,801,Clouds,few clouds,02d,29,26,16,0,52,47,37
1996,Los Angeles,34.054908,-118.242643,68.61506034,,57.06310337,68.83471767,65.55316371,71.05537341,1014.279372,,,70.206398,4.063883197,163.470173,,0.9790048544,,,,32.30851548,804,Clouds,overcast clouds,04d,60,24,7,0,64,0,47
1996,Palm Springs,33.830296,-116.545292,72.83351656,9981.840373,47.26958348,71.68070445,69.85307955,76.70575964,1013.445545,,,46.03766928,5.652026858,224.2810971,34.1436,0.5473228346,,0.23,,25.54387163,804,Clouds,overcast clouds,04d,33,22,4,0,33,8,54
1996,Riverside,33.980601,-117.375494,65.23011157,9023,52.163273,64.64949112,63.61068534,66.80837546,1014.402778,,,66.85997268,3.204841758,172.151184,,0.7440150376,,,,32.17497723,804,Clouds,overcast clouds,04d,40,28,6,0,5,1,47
1996,San Francisco,37.774929,-122.419415,58.94080601,,53.15901526,58.27241576,57.56732582,60.29588342,1015.890597,,,82.22928051,8.468908242,240.1183971,,0.8190315789,,,,49.06614299,803,Clouds,broken clouds,04d,45,18,11,0,44,0,43
1996,South Lake Tahoe,38.939926,-119.977187,44.17992897,9023.200873,32.69047469,41.13325854,42.1498895,46.44175894,1016.763784,,,68.31029428,5.309983087,183.6424625,28.55347458,0.8307848444,,0.9789803013,,46.40038336,800,Clear,sky is clear,01d,43,25,22,14,45,49,56
1997,Eureka,40.802071,-124.163673,55.54886646,9309.007092,50.88802828,54.41422739,53.42147565,57.83322158,1017.497092,,,84.81217927,8.525570761,217.2272779,,0.7991836735,,,,55.79507355,500,Rain,light rain,10d,102,15,10,0,33,19,38
1997,Fresno,36.737798,-119.787125,63.34884822,8832.788429,48.00115283,62.24956348,62.184929,64.47296518,1014.85253,,,62.15146734,5.59381298,200.3536342,21.04905,0.8048220641,1.338983051,,,22.04533502,804,Clouds,overcast clouds,04d,8,34,4,0,53,32,19
1997,Los Angeles,34.054908,-118.242643,68.47587557,,56.31486301,68.55130251,65.78457534,70.66264612,1013.953425,,,68.80810502,4.192938356,159.7205479,,0.8998280802,,,,34.34394977,804,Clouds,overcast clouds,04d,59,36,4,0,71,0,44
1997,Palm Springs,33.830296,-116.545292,72.19883984,9981.162029,47.76764545,71.04203399,69.04160392,76.18410335,1013.303103,,,47.26226329,7.070446042,218.6179557,33.17927083,0.5705191257,,,,25.87291809,803,Clouds,broken clouds,04d,12,34,5,0,78,11,46
1997,Riverside,33.980601,-117.375494,64.82669863,10000,51.61886758,64.18733562,63.2251758,66.42645205,1014.104795,,,66.12888128,3.239457763,164.7381279,,0.6868430335,,,,33.8652968,803,Clouds,broken clouds,04d,25,45,3,0,5,0,48
1997,San Francisco,37.774929,-122.419415,59.66162671,,53.34869863,58.92299772,58.22290753,61.10767808,1016.111758,,,80.88436073,8.555752283,239.5982877,,0.8731354642,,,,47.74988584,500,Rain,light rain,10d,76,20,10,0,47,0,39
1997,South Lake Tahoe,38.939926,-119.977187,43.80028412,9524.597879,30.92626094,41.01276054,41.62691329,46.41368565,1017.240823,,,65.32480964,5.359286283,176.0448915,25.14510638,0.6805544554,,0.7661821705,,47.11887715,500,Rain,light rain,10d,18,35,12,7,26,25,34
1998,Eureka,40.802071,-124.163673,53.76121612,8783.979517,49.19585174,52.33478365,51.61774539,56.19620474,1016.103963,,,84.91596447,9.060237987,225.1349351,,0.9541774034,,,,61.36119335,803,Clouds,broken clouds,04d,32,23,27,0,52,40,38
1998,Fresno,36.737798,-119.787125,60.88006629,8667.566031,49.24773861,60.01142166,59.8871167,61.8905514,1015.052405,,,69.42302431,5.36715774,193.5335157,24.42797297,1.010280561,2.106666667,0.3,,29.72208776,802,Clouds,scattered clouds,03d,29,40,10,0,25,43,30
1998,Los Angeles,34.054908,-118.242643,65.83985046,,55.73947489,65.99042009,63.21400685,67.96349201,1014.422146,,,72.80273973,4.055586758,168.1303653,,1.010521739,,,,35.43242009,801,Clouds,few clouds,02d,52,53,9,0,56,0,38
1998,Palm Springs,33.830296,-116.545292,69.94537305,9968.69362,44.6380852,68.63887003,66.62787333,73.9161032,1013.500285,,,45.38683221,5.853836428,189.0197061,23.94539171,0.6691235955,1.3,,,15.85602005,801,Clouds,few clouds,02d,28,52,9,0,47,21,23
1998,Riverside,33.980601,-117.375494,62.31545123,8748.604767,50.97648473,61.7744052,60.51044553,64.12704421,1014.547402,,,70.18994986,3.374679809,163.4153373,22.0144,0.8830055866,1.828571429,,,37.08990428,801,Clouds,few clouds,02d,35,54,14,0,10,50,54
1998,San Francisco,37.774929,-122.419415,57.524,,52.11752397,56.69778767,56.15410046,58.88298402,1015.765639,,,82.94280822,8.353303653,239.6073059,,0.7690228311,,,,52.00205479,803,Clouds,broken clouds,04d,43,37,13,0,46,0,33
1998,South Lake Tahoe,38.939926,-119.977187,41.75170437,9026.300867,30.74247795,38.74803212,39.61091382,44.34013798,1016.20527,,,69.56129835,5.040296313,178.084257,24.13177843,0.6398573466,,0.6875650714,,52.35353992,804,Clouds,overcast clouds,04d,39,37,12,13,31,61,65
1999,Eureka,40.802071,-124.163673,52.48906847,8604.683196,47.89679026,50.65327798,50.14243289,55.0937136,1018.527411,,,84.84258417,8.867214513,222.7410146,,0.8614172185,,,,58.0171747,801,Clouds,few clouds,02d,20,53,16,0,50,41,46
1999,Fresno,36.737798,-119.787125,62.17300205,8683.636092,47.08908591,60.96184542,61.14738062,63.19266358,1016.097876,,,62.5231217,5.396909561,201.4889512,21.33376344,0.771504065,1.9,,,28.85922173,800,Clear,sky is clear,01d,14,49,4,0,39,45,24
1999,Los Angeles,34.054908,-118.242643,66.63969178,,54.03300228,66.34624543,63.53555137,69.12250799,1015.405479,,,67.52899543,4.0250879,165.8187215,,0.5784528302,,,,32.38070776,802,Clouds,scattered clouds,03d,28,38,1,0,48,0,30
1999,Palm Springs,33.830296,-116.545292,71.74712037,9974.085931,42.05661038,70.15872904,68.28508157,75.70254877,1014.363605,,,38.28362807,5.484205362,183.1026811,24.31819629,0.5709302326,1.977777778,,,10.52298916,800,Clear,sky is clear,01d,14,26,3,0,38,24,7
1999,Riverside,33.980601,-117.375494,62.77766023,8942.459755,47.57191818,61.74660227,60.96420114,64.52126591,1015.445227,,,61.86704545,3.991175,155.6048864,21.64458781,0.5390407674,1.884615385,,,27.53761364,800,Clear,sky is clear,01d,12,48,0,0,27,72,23
1999,San Francisco,37.774929,-122.419415,56.50355137,,50.82347603,55.31908676,55.08732306,57.89780479,1017.434018,,,82.28949772,8.312539954,240.7057078,,0.8402309059,,,,49.91210046,802,Clouds,scattered clouds,03d,27,57,10,0,47,0,37
1999,South Lake Tahoe,38.939926,-119.977187,43.77904165,9298.548464,29.90793092,40.72338977,41.69702675,46.25107348,1017.733153,,,62.9988712,5.403588441,177.3441698,25.57182609,0.602826087,1.8,0.8346802326,,39.30240433,802,Clouds,scattered clouds,03d,23,33,7,9,40,36,32
2000,Eureka,40.802071,-124.163673,53.22916885,8823.20442,49.0721046,51.85771688,50.98071859,55.76003866,1017.819329,,,86.15156339,8.045183627,217.1497442,,0.7192563601,,,,59.45321205,802,Clouds,scattered clouds,03d,13,18,10,0,25,38,34
2000,Fresno,36.737798,-119.787125,63.05453219,8760.995301,48.60050322,62.02279945,62.02313458,64.06855693,1015.687071,,,64.27391902,5.326357966,196.0537055,22.98136986,1.062814208,2.865277778,,,34.41716883,721,Haze,haze,50d,23,36,8,0,31,48,43
2000,Los Angeles,34.054908,-118.242643,67.4144786,,55.72778689,67.41667577,64.46058629,69.77194672,1015.094832,,,69.50865209,3.992019581,163.6689435,,0.7245989305,,,,36.79007286,803,Clouds,broken clouds,04d,52,31,4,0,46,0,51
2000,Palm Springs,33.830296,-116.545292,72.49341408,9976.909175,43.24153872,70.9682452,69.13307404,76.43794723,1014.143182,,,39.01023541,5.389127715,189.7711816,25.38978528,0.4693362832,1.846666667,,,13.60002275,800,Clear,sky is clear,01d,34,27,3,0,36,30,9
2000,Riverside,33.980601,-117.375494,63.71506028,8780.103935,49.55803606,62.86258479,61.89302986,65.4618862,1015.166085,,,63.96033803,3.748970141,158.5257465,21.60373444,0.6513175676,1.45,,,30.08597183,501,Rain,moderate rain,10d,32,36,3,0,17,88,30
2000,San Francisco,37.774929,-122.419415,57.63235883,,52.23034722,56.83299636,56.25822177,58.9987056,1016.904258,,,83.26867031,8.091142987,232.4714253,,0.755703125,,,,53.48497268,802,Clouds,scattered clouds,03d,31,30,11,0,38,0,37
2000,South Lake Tahoe,38.939926,-119.977187,44.10412475,9426.377583,30.8034943,41.32197742,42.03963,46.54411245,1017.412698,,,64.67594456,4.968257322,170.3126537,23.85793388,0.5973993289,1.116666667,0.8318124208,2.011111111,42.16789627,802,Clouds,scattered clouds,03d,33,19,10,8,28,36,47
2001,Eureka,40.802071,-124.163673,52.55578815,9020.083333,48.31565004,50.82138112,50.31488871,55.17514439,1017.49903,,,85.91804589,8.725336149,219.2280562,,0.7809018182,,,,60.53715329,800,Clear,sky is clear,01d,14,37,14,0,42,24,33
2001,Fresno,36.737798,-119.787125,64.46092114,8898.203748,47.86877289,63.20524564,63.36570243,65.53227106,1015.116785,,,60.45906055,5.210385693,187.7147167,22.32988372,0.8661678322,2.407575758,,,33.68939884,721,Haze,haze,50d,40,49,8,0,32,36,33
2001,Los Angeles,34.054908,-118.242643,65.87294452,8483.853366,56.03441564,65.86003638,62.84754548,68.85548545,1015.077422,,,73.13267394,3.950794679,150.6419964,17.557,1.044689379,2.546666667,,,35.53763074,804,Clouds,overcast clouds,04d,20,75,7,0,41,52,37
2001,Palm Springs,33.830296,-116.545292,72.42026843,9929.559416,43.28148203,70.81250227,69.08109645,76.33929481,1013.992038,,,39.6905141,5.622653549,203.4286852,23.48007968,0.6827415144,2.047058824,,,13.23612375,803,Clouds,broken clouds,04d,25,64,4,0,29,41,14
2001,Riverside,33.980601,-117.375494,63.32354293,8502.448457,50.64236534,62.56097588,61.43719067,65.10779355,1015.068177,,,66.99560514,4.027135452,177.9974082,21.79391304,0.8072727273,2.596078431,,,30.65156637,804,Clouds,overcast clouds,04d,18,73,4,0,26,118,24
2001,San Francisco,37.774929,-122.419415,57.57744064,,51.87926598,56.57395776,56.22471233,58.92211758,1016.320548,,,82.29212329,8.224013699,236.3842466,,0.7843532338,,,,53.58093607,800,Clear,sky is clear,01d,30,48,6,0,42,0,40
2001,South Lake Tahoe,38.939926,-119.977187,44.49344802,8814.097623,28.61403182,41.17730997,42.24875175,47.08807225,1016.98398,,,59.74583378,5.440922481,133.5154284,22.52467544,0.8005925926,1.408695652,0.6588869258,1.919230769,37.89259219,800,Clear,sky is clear,01d,41,50,8,3,38,49,33
2002,Eureka,40.802071,-124.163673,52.31951598,9074.714286,48.19568037,50.72639041,50.11078995,54.78416096,1017.839269,,,86.33710046,8.404974886,215.6333333,,1.036290064,,0.2033333333,,54.14360731,800,Clear,sky is clear,01d,10,37,18,0,42,25,28
2002,Fresno,36.737798,-119.787125,63.51135621,8688.535981,47.27287804,62.28788987,62.38447085,64.62506883,1015.636696,,,60.78511508,5.210829211,199.6556249,22.52150685,0.8701363636,2.101886792,0.34,,32.15895892,804,Clouds,overcast clouds,04d,24,37,6,1,26,48,25
2002,Los Angeles,34.054908,-118.242643,65.19466274,9046.083994,52.43296062,64.72010638,62.24967519,68.5891048,1015.314962,,,66.92700317,3.135961974,84.58567225,18.05394737,1.08649635,1.919230769,,,30.68413309,803,Clouds,broken clouds,04d,11,36,5,0,16,65,23
2002,Palm Springs,33.830296,-116.545292,72.35623916,9960.794012,39.86267115,70.41243496,69.0035178,76.23069147,1014.087974,,,34.15392515,5.458277042,181.7935874,24.10609428,0.3626627219,1.75,,,10.96805112,802,Clouds,scattered clouds,03d,29,34,1,0,31,29,7
2002,Riverside,33.980601,-117.375494,62.98674656,8776.681316,48.1193559,61.99690446,61.154929,64.72549245,1015.232762,,,62.42519596,4.018322163,159.0210156,21.37030822,0.6173809524,1.7,,,26.2550267,721,Haze,haze,50d,17,40,2,0,26,95,15
2002,San Francisco,37.774929,-122.419415,57.22378881,,51.63171461,56.32971461,55.82059361,58.60106393,1016.900457,,,82.70353881,7.785110731,236.4863014,,0.829040404,,,,51.24121005,804,Clouds,overcast clouds,04d,30,39,6,0,34,0,40
2002,South Lake Tahoe,38.939926,-119.977187,44.04866405,9120.715891,27.70404925,40.79399695,41.78999455,46.6531045,1017.486978,,,58.48338237,5.22518688,128.2767789,23.67972084,0.6943958333,1.407407407,0.693263965,1.493548387,33.79742835,800,Clear,sky is clear,01d,45,36,9,4,43,36,28
2003,Eureka,40.802071,-124.163673,53.96427169,9207.022677,49.61569406,52.7053516,51.91132991,56.27529338,1017.171119,,,85.74828767,8.205925799,212.0534247,,0.7701440922,,,,57.30194064,500,Rain,light rain,10d,39,15,11,0,30,18,37
2003,Fresno,36.737798,-119.787125,64.61112276,8969.548346,48.54484439,63.57655068,63.53442619,65.67541604,1015.141668,,,61.06008213,5.163026799,197.4968662,22.7714,0.8021131448,2.221621622,,,36.90155608,802,Clouds,scattered clouds,03d,42,24,5,0,22,34,41
2003,Los Angeles,34.054908,-118.242643,66.27688871,9077.244953,54.17572972,66.10998762,63.38557669,69.52869585,1014.626983,,,68.61584337,2.880264431,75.72983009,19.17747253,1.23309795,4.917142857,,,28.75447283,804,Clouds,overcast clouds,04d,25,29,4,0,18,69,29
2003,Palm Springs,33.830296,-116.545292,73.10261631,9956.583793,45.28641906,71.9993846,69.71044022,77.01876578,1013.820271,,,41.42725515,5.38650893,178.9593903,23.26696,0.7696057348,1.495,,,14.58821522,803,Clouds,broken clouds,04d,35,28,12,0,32,31,11
2003,Riverside,33.980601,-117.375494,64.0782165,8786.29115,49.99500056,63.33299921,62.25529292,65.83795236,1014.666215,,,64.09188396,3.751999097,146.57546,22.64713514,0.9220884956,3.175757576,,,28.28411785,803,Clouds,broken clouds,04d,21,32,7,0,26,94,23
2003,San Francisco,37.774929,-122.419415,58.19162557,,52.61405479,57.43131164,56.78300685,59.57863356,1016.475799,,,82.78219178,7.946770548,234.4651826,,0.6832650273,,,,49.2489726,802,Clouds,scattered clouds,03d,42,20,6,0,27,0,43
2003,South Lake Tahoe,38.939926,-119.977187,44.12527526,9158.487519,29.77163987,41.01021616,41.93151102,46.69338303,1017.135875,,,62.68437866,5.12095517,125.855074,23.14252157,0.6250086655,2.323333333,0.5683500456,1.328947368,34.3943137,804,Clouds,overcast clouds,04d,53,20,9,3,34,40,28
2004,Eureka,40.802071,-124.163673,54.31958675,8980.559876,50.32336293,53.11365551,52.1183174,56.79776981,1017.552709,,,86.76354736,8.21255806,217.5724044,,0.8450965825,,,,54.52367942,501,Rain,moderate rain,10d,60,17,17,0,34,20,23
2004,Fresno,36.737798,-119.787125,64.11159166,8879.279774,46.43760449,62.76048637,62.99870551,65.195721,1015.119294,,,58.95628006,5.52322822,188.6786745,21.70083333,0.9699099099,2.276785714,,,34.19743453,804,Clouds,overcast clouds,04d,27,40,7,0,45,43,40
2004,Los Angeles,34.054908,-118.242643,65.9258132,9116.475713,53.10789821,65.47520022,63.17170246,69.07763758,1014.768904,,,66.84295302,2.846548098,67.67035794,18.11772727,1.628498943,3.0625,,,29.42404922,800,Clear,sky is clear,01d,26,50,9,0,7,63,21
2004,Palm Springs,33.830296,-116.545292,72.10575243,9931.30944,43.64537678,70.51927133,68.8431885,76.09233084,1013.893528,,,40.68477031,5.424935506,172.9732971,23.3991746,0.6952293578,2.66,,,12.46481104,800,Clear,sky is clear,01d,21,51,5,0,35,40,18
2004,Riverside,33.980601,-117.375494,63.79361333,9165.138232,48.8658901,62.79663439,61.88888413,65.61277559,1014.806779,,,62.78628533,4.252210337,148.0218444,22.63040201,1.035152488,3.411363636,,,23.81319671,804,Clouds,overcast clouds,04d,28,53,8,0,34,57,19
2004,San Francisco,37.774929,-122.419415,58.40283925,,52.57789048,57.6709597,56.99650956,59.77979394,1016.435223,,,82.19216758,8.116705373,233.5743397,,0.8242946708,,,,49.29007286,804,Clouds,overcast clouds,04d,45,27,7,0,37,0,32
2004,South Lake Tahoe,38.939926,-119.977187,42.97685209,8986.656605,28.89567599,39.73294766,40.67906866,45.72691778,1017.028926,,,63.13827082,5.507022674,122.0429116,23.60984935,0.6116306483,2.097435897,0.8606122449,2.924675325,30.81171858,600,Snow,light snow,13d,31,42,6,10,51,39,23
2005,Eureka,40.802071,-124.163673,54.19015068,8554.344123,50.07829452,53.06676712,51.98478995,56.65021005,1016.660731,,,86.36974886,7.906480594,208.1939498,23.61986486,0.9200847458,,,,59.51518265,501,Rain,moderate rain,10d,22,23,20,0,45,43,37
2005,Fresno,36.737798,-119.787125,65.03643091,9126.985329,47.97600677,63.84342583,63.92871517,66.11888212,1014.592104,,,59.23767625,5.630301184,191.6813311,21.62067164,0.7740399002,1.776923077,,,36.18962211,802,Clouds,scattered clouds,03d,37,20,3,0,44,36,49
2005,Los Angeles,34.054908,-118.242643,65.85183421,9015.761311,52.87638324,65.36519825,63.04973604,69.05390093,1014.545097,,,66.81781422,2.838538695,69.4241267,18.20978723,1.089862595,4.683333333,,,29.81051331,802,Clouds,scattered clouds,03d,13,17,10,0,20,81,29
2005,Palm Springs,33.830296,-116.545292,72.07251922,9852.534536,43.5237664,70.57832429,68.77938263,76.06395183,1013.705902,,,41.78165988,5.268816147,172.8277929,23.99355685,0.7826722338,2.591891892,,,15.94289914,500,Rain,light rain,10d,24,23,8,0,32,42,24
2005,Riverside,33.980601,-117.375494,64.02817266,9150.208116,48.82145395,63.10052161,62.19483933,65.79170853,1014.586445,,,62.61688165,4.160431093,148.3365015,22.52482759,0.9751413882,3.28,,,27.97103417,800,Clear,sky is clear,01d,17,17,10,0,39,59,19
2005,San Francisco,37.774929,-122.419415,58.03798973,,52.60287215,57.28248174,56.72375571,59.34018721,1016.00468,,,83.0109589,8.090414384,228.2721461,,0.7278224101,,,,53.03299087,500,Rain,light rain,10d,12,30,5,0,34,0,44
2005,South Lake Tahoe,38.939926,-119.977187,43.49923118,8958.513741,30.5333265,40.32200669,41.29273884,46.02380203,1016.588743,,,65.05984473,5.402866077,113.2320466,23.89658979,0.792708559,2.064705882,0.7676293103,2.72295082,34.6640069,800,Clear,sky is clear,01d,45,23,9,7,57,53,37
2006,Eureka,40.802071,-124.163673,53.44709475,8780.756014,48.67624429,51.92190068,51.09303881,56.0846347,1017.049087,,,84.37648402,8.838563927,217.8503425,23.26365591,0.8742605233,,,,55.72899543,501,Rain,moderate rain,10d,28,33,18,0,44,28,38
2006,Fresno,36.737798,-119.787125,64.90273386,9351.041212,46.62571801,63.59811099,63.7220872,66.03903624,1015.010532,,,57.29026048,5.291457531,190.2141563,21.38059406,0.8972398844,2.654411765,,,35.78142695,802,Clouds,scattered clouds,03d,40,36,6,0,29,26,35
2006,Los Angeles,34.054908,-118.242643,66.75928596,9312.550755,50.72303752,66.16629378,64.01846764,69.87088745,1014.794401,,,60.20412558,2.156269976,58.88699989,19.39545455,0.7748809524,3.637037037,,,26.01269409,500,Rain,light rain,10d,44,37,3,0,4,47,27
2006,Palm Springs,33.830296,-116.545292,72.74641863,9987.834776,38.65630107,70.81251198,69.46661607,76.76677585,1013.932321,,,33.90835426,5.414933805,187.0656243,24.43318841,0.4787280702,0.85,,,16.50696188,803,Clouds,broken clouds,04d,44,39,2,0,35,16,18
2006,Riverside,33.980601,-117.375494,64.52036697,9444.175239,46.04297089,63.35631668,62.66361083,66.27503341,1014.830898,,,56.65885151,4.45928984,152.8306717,22.66673866,0.6225975976,1.96,,,24.58964775,701,Mist,mist,50d,49,41,2,0,47,42,19
2006,San Francisco,37.774929,-122.419415,57.44584018,,51.51315411,56.56167922,56.08725685,58.77917694,1016.425457,,,81.568379,7.723350457,230.8657534,,0.7656790123,,,,51.275,801,Clouds,few clouds,02d,28,42,9,0,23,0,37
2006,South Lake Tahoe,38.939926,-119.977187,43.45829951,9054.158687,28.91404775,39.93960716,41.25153554,46.00896039,1017.014759,,,61.7930548,5.590795442,117.855236,23.44029096,0.5846101231,1.793023256,0.7216208791,2.1953125,29.84525231,601,Snow,snow,13d,41,44,9,12,56,46,22
2007,Eureka,40.802071,-124.163673,53.01245548,8930.762489,48.93099429,51.44507306,50.88564384,55.34767808,1018.755822,,,86.37568493,8.205165525,226.4531963,23.24425532,0.7686152748,,,,56.08413242,800,Clear,sky is clear,01d,46,47,8,0,30,26,22
2007,Fresno,36.737798,-119.787125,66.35543182,9184.52799,43.94059205,64.71635568,65.05157159,67.49902955,1015.18125,,,50.42602273,5.357819318,208.4121591,22.77188776,0.7578891821,2.756521739,,,28.93636364,721,Haze,haze,50d,55,45,1,0,34,25,22
2007,Los Angeles,34.054908,-118.242643,66.36201113,9392.783771,49.44774358,65.59212923,63.34222916,70.04755508,1014.877583,,,58.55484897,2.277977515,71.6576198,20.41166667,0.5420588235,1.553846154,,,24.8678174,800,Clear,sky is clear,01d,26,41,0,0,8,42,16
2007,Palm Springs,33.830296,-116.545292,73.01531008,9968.159796,37.99046854,70.99569539,69.71407889,77.07457364,1013.814751,,,32.42384861,5.296109211,180.3962608,25.30610959,0.6505,3.628571429,,,14.5371637,803,Clouds,broken clouds,04d,39,46,4,0,35,18,7
2007,Riverside,33.980601,-117.375494,64.54565019,9416.404577,45.03601002,63.32009907,62.75683443,66.27882145,1014.793897,,,54.18196311,4.099248463,168.4473924,22.36252199,0.431403118,0.95,,,24.639376,800,Clear,sky is clear,01d,29,46,0,0,37,20,17
2007,San Francisco,37.774929,-122.419415,57.28930251,,51.20610959,56.28249886,55.90556849,58.65427626,1017.230822,,,81.21221461,8.362061644,246.1214612,,0.6230462185,,,,46.73812785,803,Clouds,broken clouds,04d,33,46,2,0,38,0,29
2007,South Lake Tahoe,38.939926,-119.977187,43.82951047,9327.14016,27.87594157,40.71207497,41.61813561,46.4577817,1017.550827,,,58.7707828,5.045148842,112.1009923,23.24997845,0.5744247788,2.076923077,0.6992969871,2.715151515,24.82337376,803,Clouds,broken clouds,04d,45,44,5,3,35,27,15
2008,Eureka,40.802071,-124.163673,51.58127277,8613.107822,47.41207195,49.70549294,49.52819672,53.96069672,1018.356557,,,86.09574226,8.306557377,220.5607923,,0.7527864407,,0.13,,55.63513206,800,Clear,sky is clear,01d,17,65,10,0,40,39,26
2008,Fresno,36.737798,-119.787125,65.00175153,9148.562061,44.02312062,63.43559516,63.82890247,66.1802874,1014.874406,,,52.10432224,5.264858565,195.6933695,24.35911111,0.7649411765,1.713888889,,,29.8173795,800,Clear,sky is clear,01d,29,40,3,0,40,39,28
2008,Los Angeles,34.054908,-118.242643,66.82690096,9486.551403,49.72005999,66.01724052,63.95113865,70.31111262,1014.418789,,,58.54035088,2.185198642,63.20611205,19.55590909,0.8508767773,2.125,,,24.67028862,800,Clear,sky is clear,01d,22,49,4,0,7,33,26
2008,Palm Springs,33.830296,-116.545292,72.78869225,9971.519522,38.8359496,70.90001476,69.62291747,76.83985696,1013.722329,,,34.75888296,5.023941424,180.2232944,24.80930586,0.7734110787,3.65,,,16.47837439,800,Clear,sky is clear,01d,33,47,5,0,33,12,19
2008,Riverside,33.980601,-117.375494,65.05785917,9575.639281,46.80479986,63.89611294,63.2846706,66.79440526,1014.471369,,,57.00294818,3.554350833,152.0895793,21.46454545,0.8233333333,2.59375,,,24.8310466,800,Clear,sky is clear,01d,35,50,3,0,6,13,27
2008,San Francisco,37.774929,-122.419415,57.26621357,,50.66966758,56.08954918,55.89015483,58.64399818,1016.663365,,,80.01104281,8.413128415,245.9977231,,0.7406219313,,,,44.88695355,801,Clouds,few clouds,02d,40,52,4,0,41,0,24
2008,South Lake Tahoe,38.939926,-119.977187,43.65016368,9066.472076,26.94312644,40.48782379,41.34924421,46.43065473,1017.134132,,,57.51982863,4.960840382,110.6549489,24.29510396,0.7057177616,2.194594595,0.6607142857,3.131707317,26.45534439,800,Clear,sky is clear,01d,53,39,3,4,43,46,30
2009,Eureka,40.802071,-124.163673,53.07827397,8699.831366,48.70543265,51.42102283,50.79047489,55.64468607,1017.669977,,,85.50502283,8.288490868,221.2300228,23.30920354,0.7591615181,,,,53.31929224,800,Clear,sky is clear,01d,33,42,7,0,42,34,27
2009,Fresno,36.737798,-119.787125,65.66973148,9322.830453,44.41882733,64.08525493,64.40016995,66.88157829,1014.645253,,,52.68354861,5.275992522,191.4670292,22.89617857,0.8534644195,2.645,,,33.15182416,800,Clear,sky is clear,01d,55,32,7,0,36,36,35
2009,Los Angeles,34.054908,-118.242643,66.44582727,9546.404356,49.99994091,65.67430114,63.62384432,69.77173977,1014.511591,,,59.63840909,2.047167045,62.19159091,20.529,0.7404775281,4.132,,,26.36931818,721,Haze,haze,50d,29,39,3,0,5,28,25
2009,Palm Springs,33.830296,-116.545292,72.51217347,9985.731548,39.1448222,70.52316047,69.33752222,76.45828812,1013.596991,,,34.91064509,4.921797356,182.6597903,24.56363861,0.6557201646,2.325,,,16.65853659,802,Clouds,scattered clouds,03d,30,40,5,0,28,9,14
2009,Riverside,33.980601,-117.375494,64.51874021,9671.500239,45.70011122,63.28209738,62.68649416,66.27174441,1014.540347,,,55.80887527,3.915360345,128.9767336,20.80311847,0.6434416826,1.942857143,,,23.84065373,800,Clear,sky is clear,01d,32,36,4,0,24,11,23
2009,San Francisco,37.774929,-122.419415,57.31244635,,51.34853082,56.26510046,55.9629863,58.64615411,1016.32226,,,81.52728311,8.478302511,236.8079909,,0.7459399684,,,,47.84577626,802,Clouds,scattered clouds,03d,32,38,5,0,42,0,37
2009,South Lake Tahoe,38.939926,-119.977187,43.65314105,9296.421274,28.28246678,40.69653787,41.17465788,46.82149358,1017.039858,,,59.47287422,4.660380868,110.2904119,23.40144295,0.6460538117,2.121818182,0.6591767881,1.915,29.0285651,802,Clouds,scattered clouds,03d,44,39,4,5,34,38,29
2010,Eureka,40.802071,-124.163673,52.45682456,8779.831933,48.15540578,50.89191645,50.68035955,54.68954343,1016.125671,,,85.71464445,9.303205114,216.5865769,21.16951289,0.8208287569,,,,63.179774,500,Rain,light rain,10d,4,26,17,0,56,35,43
2010,Fresno,36.737798,-119.787125,64.15996951,9354.90284,46.65052055,62.79612579,63.07130081,65.22996725,1014.176942,,,58.72922313,5.393425926,188.4351852,22.58808824,0.9054976303,2.318987342,,,40.67784553,802,Clouds,scattered clouds,03d,20,25,9,0,44,23,58
2010,Los Angeles,34.054908,-118.242643,65.19835724,9406.548004,50.25294487,64.38449462,62.56764455,68.19278687,1014.141977,,,61.99114747,1.968181309,52.57608696,19.88660194,0.9113073713,4.365957447,,,31.53765128,800,Clear,sky is clear,01d,18,37,7,0,8,35,37
2010,Palm Springs,33.830296,-116.545292,71.53601591,9938.644867,41.31284432,69.7455875,68.44102386,75.37811818,1013.071818,,,39.25181818,4.754217045,182.0673864,24.70174935,0.8098319328,2.015625,,,19.59465909,802,Clouds,scattered clouds,03d,30,32,7,0,22,18,25
2010,Riverside,33.980601,-117.375494,63.14868812,9537.44391,47.05375684,62.00375461,61.33983685,64.93349983,1014.094536,,,60.22449436,3.766004023,128.1226953,20.82831224,0.8737823834,1.947674419,,,28.11654934,800,Clear,sky is clear,01d,25,31,9,0,16,22,34
2010,San Francisco,37.774929,-122.419415,57.2302032,,51.78152397,56.3261895,55.94393151,58.49239041,1015.584817,,,82.94954338,8.35044863,235.5671233,,0.799615784,,,,56.57454338,804,Clouds,overcast clouds,04d,26,32,10,0,43,0,65
2010,South Lake Tahoe,38.939926,-119.977187,42.59368727,8691.709312,29.20648395,39.44863666,40.18469416,45.68455632,1015.601874,,,63.68759423,5.001612104,112.7369158,24.24027758,0.8086709539,2.705102041,0.6567365542,2.084210526,37.14710317,803,Clouds,broken clouds,04d,40,28,15,4,42,66,37
2011,Eureka,40.802071,-124.163673,52.40942922,8959.115179,48.15165297,50.71075342,50.18941553,54.7796621,1018.120548,,,85.81986301,8.533705479,222.1013699,22.80117647,0.7013865815,,,,58.69783105,500,Rain,light rain,10d,19,49,8,0,39,20,32
2011,Fresno,36.737798,-119.787125,63.63775165,9272.781012,45.48771302,62.25664054,62.45906044,64.82697228,1015.274824,,,56.9773915,5.136057714,187.9060441,22.63689076,0.9083763838,2.082692308,,,34.65280618,802,Clouds,scattered clouds,03d,31,49,5,0,30,32,35
2011,Los Angeles,34.054908,-118.242643,64.90530457,9653.745983,49.90362319,64.21015851,62.07367188,68.2574615,1014.956409,,,62.20301178,2.130210598,68.1548913,20.56921875,0.7850835322,5.617857143,,,27.26279438,800,Clear,sky is clear,01d,16,58,3,0,3,24,28
2011,Palm Springs,33.830296,-116.545292,71.17471487,9979.117885,39.38563983,69.33638914,68.02281136,75.07824932,1014.022126,,,36.81307026,4.858811588,182.171875,24.26619687,0.6203061224,1.45625,,,15.08953011,800,Clear,sky is clear,01d,17,52,7,0,31,6,13
2011,Riverside,33.980601,-117.375494,63.07182932,9737.825381,45.43562074,61.86210054,61.2783182,64.82587267,1014.957104,,,57.02802996,3.76052315,128.2664548,21.43206667,0.6329109589,1.780851064,,,25.28529278,803,Clouds,broken clouds,04d,14,55,3,0,26,10,24
2011,San Francisco,37.774929,-122.419415,56.61617808,,50.71582078,55.59090297,55.23810845,57.98341324,1016.78847,,,81.80216895,7.958496575,233.0031963,,0.6841298343,,,,51.20365297,500,Rain,light rain,10d,20,51,2,0,41,0,28
2011,South Lake Tahoe,38.939926,-119.977187,42.35504249,9156.854341,28.1182982,39.35001655,39.91805209,45.5087231,1017.198322,,,60.69374241,4.794500607,112.5225693,24.24309924,0.6213228346,2.072340426,0.7264956195,2.907142857,29.22536144,804,Clouds,overcast clouds,04d,26,40,8,5,42,36,27
2012,Eureka,40.802071,-124.163673,51.93665073,8758.221833,47.07272541,50.04390597,50.46760815,54.54942281,1017.537113,,,83.8981102,8.024409153,215.0187842,8.009721936,0.8406006322,,0.1966666667,,62.56215847,801,Clouds,few clouds,02d,11,66,17,0,53,36,44
2012,Fresno,36.737798,-119.787125,66.25218404,9429.854782,45.84902442,64.71254013,63.76710717,67.70604341,1014.877911,,,53.8808501,5.720562966,177.1773683,23.5925641,0.8559098787,2.488135593,,,37.21365589,721,Haze,haze,50d,51,23,6,0,50,22,42
2012,Los Angeles,34.054908,-118.242643,64.57890102,9548.399828,49.91894494,63.7836595,62.87114289,67.28547123,1014.734715,,,63.38193897,1.7865353,50.59160005,6.16247557,0.5567391304,2.796,,,27.47697331,800,Clear,sky is clear,01d,4,39,0,0,7,31,32
2012,Palm Springs,33.830296,-116.545292,75.81613453,9992.222296,38.98322463,73.75839905,73.75546302,78.24433701,1013.768549,,,31.32007726,5.812309965,187.1881604,19.17419048,0.611752988,0.8857142857,,,12.2572435,800,Clear,sky is clear,01d,63,26,6,0,62,12,7
2012,Riverside,33.980601,-117.375494,65.60676873,9706.120504,45.16316235,64.27730878,63.9766275,67.41168456,1014.700373,,,53.65314654,4.131751215,119.9648627,20.20105758,0.5288204225,1.891666667,,,26.4178059,800,Clear,sky is clear,01d,47,29,1,0,39,16,28
2012,San Francisco,37.774929,-122.419415,56.8798281,,50.50124089,55.83445583,55.20822177,58.46143556,1016.606444,,,80.3981102,7.95088684,238.5613616,11.12883459,0.8349929874,,,,51.18613388,804,Clouds,overcast clouds,04d,14,35,8,0,46,0,36
2012,South Lake Tahoe,38.939926,-119.977187,45.30557949,9239.353804,27.88427909,42.05058447,43.03347365,47.7236449,1016.843332,,,55.4974036,5.637646669,104.9678489,24.71708432,0.8118218623,2.507352941,0.6429777778,1.796969697,26.82101425,800,Clear,sky is clear,01d,35,27,7,4,68,45,29
2013,Eureka,40.802071,-124.163673,51.12382877,8747.643564,44.95721575,49.17786872,49.94267237,53.52857192,1019.083105,,,80.62625571,6.828616438,208.1659817,8.75429771,0.6228824834,,0.395,,52.33744292,804,Clouds,overcast clouds,04d,37,93,6,0,15,41,24
2013,Fresno,36.737798,-119.787125,66.35828741,9502.122381,43.97700182,64.82689251,64.45572762,67.2197233,1015.087565,,,49.88749715,5.353960373,171.0469141,21.82902041,0.7192857143,0.7823529412,,,33.04110681,802,Clouds,scattered clouds,03d,53,42,2,0,50,14,27
2013,Los Angeles,34.054908,-118.242643,64.19404521,9682.22415,48.18141202,63.3210008,62.69545496,66.40688856,1014.841191,,,60.66568215,1.654984664,47.86606839,7.261617336,0.5540350877,2.71,,,26.76042258,800,Clear,sky is clear,01d,8,43,0,0,4,15,28
2013,Palm Springs,33.830296,-116.545292,74.39290737,9971.76358,36.94628584,72.3318366,71.85344106,77.18179222,1014.038917,,,30.17045972,6.076941284,180.2707101,20.22123724,0.5771323529,2.172727273,,,11.60446063,800,Clear,sky is clear,01d,44,32,4,0,70,22,8
2013,Riverside,33.980601,-117.375494,65.47580528,9807.34758,43.51862147,64.06781733,63.73957461,67.18435396,1014.796861,,,51.2216788,4.200567561,110.6889217,19.91393103,0.4732624113,1.67037037,,,22.82995905,801,Clouds,few clouds,02d,42,42,1,0,44,9,17
2013,San Francisco,37.774929,-122.419415,57.48135731,,50.03693379,56.40036986,55.8708516,59.06744064,1017.112215,,,77.96347032,6.957478311,230.3512557,7.383908216,0.5247933884,,,,43.74554795,804,Clouds,overcast clouds,04d,46,46,0,0,18,0,22
2013,South Lake Tahoe,38.939926,-119.977187,44.31058478,9652.199062,26.0246681,41.68387221,41.8038564,46.90425717,1017.996387,,,53.12542335,4.34444457,84.05057575,22.88455538,0.504510978,1.343902439,0.5393165468,1.164705882,19.62011741,800,Clear,sky is clear,01d,39,37,3,0,29,19,17
2014,Eureka,40.802071,-124.163673,54.89334361,8834.416373,48.53678995,53.69532991,53.51286644,56.80992466,1016.958333,,,80.58744292,6.997328767,185.3020548,9.11853972,0.9440490798,,,,59.00673516,801,Clouds,few clouds,02d,48,28,22,0,15,31,38
2014,Fresno,36.737798,-119.787125,68.84139828,9397.586563,45.39014969,67.246599,67.36726469,69.91917782,1014.320367,,,49.61113631,5.768273985,176.2609435,23.24792683,0.9278802993,3.344680851,,,39.46507144,721,Haze,haze,50d,74,10,7,0,55,17,40
2014,Los Angeles,34.054908,-118.242643,67.18127935,9644.699123,51.48208574,66.49924918,65.28334241,69.75622661,1014.347737,,,61.83202903,2.013590791,54.94635364,7.485291214,0.9171130952,2.083333333,,,22.31507315,800,Clear,sky is clear,01d,12,12,7,0,4,24,16
2014,Palm Springs,33.830296,-116.545292,76.7297892,9975.744443,38.36333409,74.67191773,74.08597083,79.62032247,1013.735757,,,30.06118961,6.130481996,179.7511395,20.4823271,0.6193814433,0.8666666667,,,11.81027803,800,Clear,sky is clear,01d,49,11,9,0,68,19,8
2014,Riverside,33.980601,-117.375494,67.76050244,9825.332311,45.29864693,66.4726551,65.9676137,69.41234433,1014.381989,,,51.90336849,4.605505274,118.8480209,21.59432194,0.8847402597,1.146153846,,,20.5019848,800,Clear,sky is clear,01d,46,10,5,0,52,7,13
2014,San Francisco,37.774929,-122.419415,60.30531279,,53.56744064,59.74760959,58.84235959,61.72334132,1016.086416,,,80,7.015199772,226.3167808,9.552684659,0.8836086957,,,,53.52682648,800,Clear,sky is clear,01d,61,10,10,0,12,0,37
2014,South Lake Tahoe,38.939926,-119.977187,47.54612918,9655.242142,28.27234775,44.81674601,45.98293217,48.75761426,1017.017432,,,52.41926472,5.140759861,101.3975863,22.59972152,0.7916432866,2.555913978,0.6737248322,1.47,23.27813163,800,Clear,sky is clear,01d,37,7,20,6,47,21,19
2015,Eureka,40.802071,-124.163673,55.22602511,9036.270191,51.21596575,54.22959132,52.89595091,57.51485388,1017.235388,,,86.84326484,8.001941781,220.610274,,0.9050938338,,,,57.00057078,800,Clear,sky is clear,01d,83,17,15,0,30,27,30
2015,Fresno,36.737798,-119.787125,67.71232208,9346.218514,46.86229601,66.29728581,66.18622393,68.91963395,1014.469515,,,54.42429737,5.442352675,204.0444243,21.99582524,0.7447138965,2.135897436,,,29.40729828,802,Clouds,scattered clouds,03d,60,29,6,0,33,31,17
2015,Los Angeles,34.054908,-118.242643,69.44219832,9618.369883,51.47343693,68.94669968,66.68892418,72.45516052,1014.221881,,,57.38035064,2.399412568,77.4837204,20.92205882,0.543633218,2.9,,,26.71106557,800,Clear,sky is clear,01d,47,22,1,0,5,30,14
2015,Palm Springs,33.830296,-116.545292,74.29968272,9995.187004,41.15141863,72.61235106,70.98639009,78.34511641,1013.708058,,,34.78383931,5.371997261,186.5307008,24.08833333,0.5751145038,1.48,,,17.795937,803,Clouds,broken clouds,04d,46,29,6,0,33,6,15
2015,Riverside,33.980601,-117.375494,67.12706744,9813.318909,45.74194596,65.86625454,65.31471957,68.91983084,1014.304042,,,51.81085377,4.521665531,125.60797,21.13019231,0.6559599332,2.067741935,,,25.55256585,802,Clouds,scattered clouds,03d,49,25,7,0,44,8,20
2015,San Francisco,37.774929,-122.419415,59.78087329,,53.68068836,59.19867237,58.40592694,61.14658333,1016.205594,,,81.45639269,7.487079909,231.8840183,,0.8257911392,,,,49.39794521,800,Clear,sky is clear,01d,74,25,6,0,21,0,27
2015,South Lake Tahoe,38.939926,-119.977187,45.54527572,9567.09048,29.0706781,42.87902152,42.84718897,48.907987,1017.056602,,,57.44978704,4.486777628,105.3269446,24.1458159,0.7386060606,3.191935484,0.5525260417,1.62,28.55772248,800,Clear,sky is clear,01d,34,30,13,4,25,32,19
2016,Eureka,40.802071,-124.163673,54.29046784,8929.09573,49.89735458,53.08169949,52.87947524,55.92916676,1017.368583,,,85.54547524,8.567816733,216.1625498,,1.013316646,,0.23,,59.87683552,800,Clear,sky is clear,01d,23,30,26,0,48,30,33
2016,Fresno,36.737798,-119.787125,66.08733363,9467.914963,47.98998311,64.74905416,65.0880858,67.16182862,1015.046729,,,59.01632699,5.869190406,194.3384754,23.23155556,0.9436213235,2.616666667,,,24.84190969,800,Clear,sky is clear,01d,41,27,8,0,42,13,32
2016,Los Angeles,34.054908,-118.242643,66.5975866,9660.000252,51.12633758,65.89878032,64.7337335,68.7828681,1014.880966,,,62.51483696,2.043901613,53.53300237,20.97741935,0.7794545455,3.836,,,28.11192598,800,Clear,sky is clear,01d,12,20,3,0,6,22,33
2016,Palm Springs,33.830296,-116.545292,75.30422391,9958.502058,40.04999886,73.1929715,72.58221301,78.35280005,1014.145452,,,33.32780743,6.287077325,190.829908,16.74126503,0.8159392265,2.21,,,14.59804701,800,Clear,sky is clear,01d,68,28,6,0,77,13,16
2016,Riverside,33.980601,-117.375494,66.78880203,9784.461358,45.53294303,65.40741568,64.87434067,68.61893063,1014.917879,,,52.92058658,4.756724196,122.8684715,21.41166857,0.7012537764,2.247368421,,,26.69565708,800,Clear,sky is clear,01d,44,19,3,0,58,12,30
2016,San Francisco,37.774929,-122.419415,59.18715619,,53.52243169,58.55132741,57.85319217,60.48420765,1016.673953,,,82.42600182,8.149162113,233.0060337,,0.818986403,,,,53.56921676,800,Clear,sky is clear,01d,35,20,11,0,35,0,47
2016,South Lake Tahoe,38.939926,-119.977187,45.14054855,9452.906333,28.504791,41.99657268,43.46076029,47.10705979,1017.163138,,,58.14273176,5.747235326,104.7398793,25.1828462,0.8431512605,3.369230769,0.6985530547,1.775,26.49094899,804,Clouds,overcast clouds,04d,34,25,14,5,63,30,21
2017,Eureka,40.802071,-124.163673,52.82882192,8955.342522,48.57268037,51.31214498,51.82111301,54.44041781,1017.18847,,,85.98607306,8.60651484,214.6678082,,0.8618714769,,0.126,,58.89589041,800,Clear,sky is clear,01d,33,53,14,0,47,24,41
2017,Fresno,36.737798,-119.787125,65.82829441,9537.735361,47.35605322,64.53462722,65.31196609,66.75966539,1014.714238,,,57.36896474,6.777116551,189.5944307,20.55731646,0.9288027211,2.696,,,22.06085785,500,Rain,light rain,10d,60,41,9,0,87,16,20
2017,Los Angeles,34.054908,-118.242643,67.96756644,9585.676945,52.2363277,67.50752477,65.57998536,70.85113401,1014.458559,,,62.05945946,1.909253378,49.35912162,20.46735849,0.7457723577,1.713513514,,,25.95326577,500,Rain,light rain,10d,25,23,4,0,5,27,36
2017,Palm Springs,33.830296,-116.545292,76.07920191,9961.014704,40.76308322,74.21688608,72.645108,79.57219645,1013.716462,,,33.78115052,6.049405412,171.001819,24.86810983,0.9632302405,4.647368421,,,7.982264666,500,Rain,light rain,10d,67,20,7,0,63,15,10
2017,Riverside,33.980601,-117.375494,67.10765197,9796.834,47.74918123,66.07589489,65.17244615,68.89540656,1014.530168,,,56.98782001,5.076709146,127.6139619,22.15630359,0.7467868339,2.679591837,,,25.52317582,500,Rain,light rain,10d,56,22,5,0,102,11,29
2017,San Francisco,37.774929,-122.419415,59.358371,,52.72237443,58.65407648,57.95598402,60.72050342,1016.176826,,,80.05262557,8.266307078,236.6876712,,0.9173859433,,,,51.7119863,800,Clear,sky is clear,01d,53,39,12,0,44,0,49
2017,South Lake Tahoe,38.939926,-119.977187,44.60500212,9056.698076,30.74810338,41.19843982,43.54331034,45.59801847,1016.882509,,,63.21322437,5.863947145,101.8850563,25.22946225,0.9791439114,4.37699115,0.9600665779,2.631372549,31.31988962,800,Clear,sky is clear,01d,52,27,21,16,66,47,36
2018,Eureka,40.802071,-124.163673,52.76901484,8942.735648,48.53138699,51.19761644,51.3108516,54.60323402,1018.284018,,,85.99326484,8.604415525,218.6207763,9.243006993,0.8583374083,,,,58.88938356,804,Clouds,overcast clouds,04d,8,43,15,0,42,26,28
2018,Fresno,36.737798,-119.787125,65.78655678,9166.380396,46.4444333,64.30818523,65.34550717,67.46082029,1014.770011,,,56.3399118,6.478808159,199.5522602,19.16322086,0.8703252033,2.57,,,25.0123484,721,Haze,haze,50d,47,23,7,0,83,34,20
2018,Los Angeles,34.054908,-118.242643,67.34218262,9572.318357,52.43280154,66.92371238,64.78937769,70.46160783,1014.801765,,,62.86094139,1.738679566,44.45055442,9.33278607,0.7449751244,2.459259259,,,26.79893641,721,Haze,haze,50d,30,18,3,0,4,25,29
2018,Palm Springs,33.830296,-116.545292,75.9093995,9975.809565,39.66599134,74.03769029,72.58428897,79.28214107,1014.033045,,,31.53634913,6.081415223,170.7337056,22.90277042,0.6063740458,2.6625,,,6.889813127,800,Clear,sky is clear,01d,63,14,4,0,66,7,7
2018,Riverside,33.980601,-117.375494,66.86614444,9813.584203,46.00739869,65.64969436,64.80189156,68.70253566,1014.824655,,,53.65304505,5.171216889,135.364048,20.4239748,0.7420072333,2.034285714,,,26.03271451,803,Clouds,broken clouds,04d,45,19,7,0,101,6,23
2018,San Francisco,37.774929,-122.419415,58.58297489,,52.19732648,57.8001347,57.19471575,59.94943721,1016.738014,,,80.53447489,8.083328767,239.7407534,,0.7279069767,,,,50.29269406,802,Clouds,scattered clouds,03d,34,21,4,0,30,0,30
2018,South Lake Tahoe,38.939926,-119.977187,44.89441664,9385.21455,29.12665679,41.9557447,43.84501372,45.90133575,1017.48864,,,59.85929097,4.905371529,93.20744155,22.77768512,0.8293444909,3.550980392,0.6983280757,2.121428571,25.94523104,803,Clouds,broken clouds,04d,42,29,13,2,42,30,24
2019,Eureka,40.802071,-124.163673,53.43995662,9042.67076,48.7166016,51.98105822,51.34121005,55.64096575,1016.544292,,,84.85913242,6.200329909,207.4007991,8.31449894,0.9400887049,,0.11,,57.70547945,800,Clear,sky is clear,01d,84,56,18,0,16,26,46
2019,Fresno,36.737798,-119.787125,64.91029071,9630.237256,47.17339051,63.5101125,61.54091334,67.03414903,1014.142459,,,58.30608153,6.860927824,194.5427712,16.55226994,0.8002541436,1.896,,,23.85419915,721,Haze,haze,50d,44,33,8,0,88,10,27
2019,Los Angeles,34.054908,-118.242643,63.97540294,9607.905284,50.44571653,63.22093627,61.36113746,66.88011465,1014.541868,,,65.16140272,2.821957963,114.5147803,6.614810858,1.288616891,3.586111111,,,31.02068113,804,Clouds,overcast clouds,04d,6,51,13,0,19,20,51
2019,Palm Springs,33.830296,-116.545292,73.89232474,9892.182776,39.92468227,71.72718792,71.78830846,75.36271257,1013.833786,,,35.8003166,6.274145183,183.2224107,16.80245902,0.9058361775,1.942857143,,,9.466078697,500,Rain,light rain,10d,65,47,7,0,75,26,17
2019,Riverside,33.980601,-117.375494,64.67481511,9687.555769,46.73609032,63.42812416,62.53087069,67.58615755,1014.571717,,,58.16629314,5.664619005,168.5952488,11.93124917,1.281526946,2.422535211,,,31.66450022,802,Clouds,scattered clouds,03d,41,42,45,0,140,16,43
2019,San Francisco,37.774929,-122.419415,58.78349772,,50.02084817,57.84900799,57.0503105,60.42990639,1015.44258,,,76.42089041,5.415492009,230.1926941,7.927712277,0.8342080153,,,,51.47511416,801,Clouds,few clouds,02d,57,28,9,0,21,0,38
2019,South Lake Tahoe,38.939926,-119.977187,42.68718723,9089.680164,29.91340331,39.16866518,40.91891009,45.28497031,1016.282231,,,64.9254665,5.945747455,119.6165182,18.86764161,0.8091604755,1.77761194,0.7268485419,2.645614035,31.76887193,804,Clouds,overcast clouds,04d,21,37,23,8,63,51,39
2020,Eureka,40.802071,-124.163673,53.46261954,8579.090184,47.46915073,52.20976207,51.37218238,55.83065574,1018.885246,,,81.36407104,4.685132058,206.0253871,5.693502041,0.8289570552,,0.23,,53.48542805,801,Clouds,few clouds,02d,48,62,14,0,1,48,36
2020,Fresno,36.737798,-119.787125,67.86464365,8983.54859,47.78409456,66.55175969,65.62574182,69.30106304,1014.920799,,,54.00030114,5.737723349,205.4219032,6.945471236,0.7660598504,2.323913043,,,37.70859265,800,Clear,sky is clear,01d,70,36,5,0,41,26,51
2020,Los Angeles,34.054908,-118.242643,65.99578618,9543.026446,49.80631675,65.13392297,63.39406044,69.43838219,1015.002499,,,59.89627357,2.235265849,102.9730743,1.544163726,0.867125,2.786956522,,,23.52101795,800,Clear,sky is clear,01d,18,23,3,0,5,25,23
2020,Palm Springs,33.830296,-116.545292,76.43274245,9975.234806,38.82090393,74.1458551,74.46306723,78.17776402,1014.251079,,,30.53202362,6.205244152,183.3923461,14.50304714,0.7189152542,1.607142857,,,4.957188281,800,Clear,sky is clear,01d,84,17,5,0,55,12,9
2020,Riverside,33.980601,-117.375494,67.1587224,9795.230097,45.9036871,65.82666704,65.15042475,69.42559005,1015.062423,,,52.55440995,5.899094475,170.3202959,4.512526718,1.609745223,2.530555556,,,19.26224364,800,Clear,sky is clear,01d,54,15,32,0,153,10,26
2020,San Francisco,37.774929,-122.419415,59.14625683,,51.63117145,58.44315232,57.22417236,60.97092896,1017.147086,,,77.89105191,4.230836749,239.8600865,7.588882717,0.7956410256,,,,47.05851548,803,Clouds,broken clouds,04d,55,21,9,0,1,0,20
2020,South Lake Tahoe,38.939926,-119.977187,45.43803052,9373.100516,29.17794489,42.31944121,43.32656494,48.48483917,1018.105829,,,57.48841805,5.419295203,109.9040509,4.374305524,0.5686768802,1.504761905,0.6307426598,2.116129032,23.28663959,800,Clear,sky is clear,01d,43,17,5,1,45,35,17
2021,Eureka,40.802071,-124.163673,52.68985845,9072.68623,47.29722831,51.16481279,50.55181164,55.02947146,1018.156279,,,82.65205479,5.603711187,231.5170091,8.04919269,0.8045931406,,,,55.59554795,804,Clouds,overcast clouds,04d,27,59,18,0,2,10,29
2021,Fresno,36.737798,-119.787125,68.14958086,9143.650115,46.72446637,66.61941934,65.88330096,69.76546923,1014.354835,,,52.27192803,5.907624208,216.758945,4.075378749,1.04337232,3.128305085,,,36.27990186,804,Clouds,overcast clouds,04d,74,29,7,0,40,39,42
2021,Los Angeles,34.054908,-118.242643,65.09987582,9518.112942,49.22973357,64.20677918,63.41521901,68.54511063,1014.911267,,,60.5673967,2.10394107,101.8077444,2.436940898,1.321853547,4.545384615,,,28.84375706,800,Clear,sky is clear,01d,4,36,9,0,5,27,33
2021,Palm Springs,33.830296,-116.545292,76.4990089,9988.146037,38.9917484,74.39329836,74.67741332,78.29315807,1013.909101,,,30.04368157,6.154501597,195.7421305,9.134506141,0.5484935897,2.048888889,,,8.341012774,800,Clear,sky is clear,01d,79,25,3,0,73,7,12
2021,Riverside,33.980601,-117.375494,66.7609574,9728.827164,47.089983,65.64652844,64.74294131,68.99263993,1014.887378,,,55.12961704,5.941829821,181.8457965,8.375854709,1.219072165,2.215897436,,,21.13086336,800,Clear,sky is clear,01d,67,24,14,0,158,18,18
2021,San Francisco,37.774929,-122.419415,57.50496918,,51.20729909,56.75465868,55.7662911,59.18421689,1016.745548,,,80.80353881,4.670351598,237.9159817,7.833773422,1.312943089,,,,50.96803653,803,Clouds,broken clouds,04d,20,29,14,0,0,0,28
2021,South Lake Tahoe,38.939926,-119.977187,45.97000988,8965.054021,29.48505597,42.68329346,44.00039508,48.85462028,1017.079456,,,57.41033802,5.518998025,119.3126646,10.44776606,0.8917067583,3.071666667,0.7295874822,2.940434783,31.18887182,800,Clear,sky is clear,01d,63,21,13,4,56,59,34
2022,Eureka,40.802071,-124.163673,53.24837785,,48.22681393,51.94469521,50.98159475,55.49871689,1018.825913,,,83.61506849,4.986413242,193.0726027,7.890635349,0.6443066764,,0.25,,55.4966895,500,Rain,light rain,10d,66,58,7,0,0,0,45
2022,Fresno,36.737798,-119.787125,67.10733551,9422.429014,46.54492266,65.69918954,64.62318083,68.74111329,1015.046078,,,53.33616558,5.836636166,212.6059913,9.975781742,0.8325623583,2.263783784,,,33.8503268,803,Clouds,broken clouds,04d,70,27,5,0,52,18,32
2022,Los Angeles,34.054908,-118.242643,66.06379181,9794.790665,49.56614582,65.28755981,64.24648826,69.29203084,1015.003742,,,59.60120195,2.230264202,113.1021658,4.658531987,1.103702624,2.558,,,25.40707563,800,Clear,sky is clear,01d,18,28,7,0,3,5,22
2022,Palm Springs,33.830296,-116.545292,76.27674991,9978.373594,39.1498107,74.34971376,74.41668947,78.08003307,1014.358422,,,30.00764055,5.826370168,188.2312692,11.73591375,0.5482432432,1.523333333,,,7.861671798,800,Clear,sky is clear,01d,83,18,7,0,43,14,5
2022,Riverside,33.980601,-117.375494,67.93841113,9830.985804,47.07897331,66.91533333,65.82302101,70.22702101,1015.024077,,,52.81033504,6.284134015,177.640318,11.41422127,0.7921493625,1.583333333,,,18.69403748,800,Clear,sky is clear,01d,71,15,16,0,198,8,21
2022,San Francisco,37.774929,-122.419415,57.83631507,,51.36789155,57.06173288,56.00231735,59.58640639,1017.322374,,,80.26187215,4.971041096,235.3415525,7.881612195,1.319059829,,,,47.73915525,801,Clouds,few clouds,02d,36,28,11,0,4,0,30
2022,South Lake Tahoe,38.939926,-119.977187,44.51412964,9367.798924,28.94847867,41.39065485,42.6772277,47.66244211,1018.09108,,,58.58626039,5.269834903,120.1713019,19.4914187,1.108501401,3.436829268,0.6970962199,3.471666667,24.31401662,600,Snow,light snow,13d,55,42,19,8,49,37,17
2023,Eureka,40.802071,-124.163673,53.25862443,9549.222798,49.07204909,52.14412443,51.20602397,55.44154566,1016.865068,,,86.41769406,4.654364155,159.485274,7.006790761,0.9376241771,,0.5966666667,,58.21552511,802,Clouds,scattered clouds,03d,65,70,24,1,2,0,48
2023,Fresno,36.737798,-119.787125,64.51178741,9715.989165,47.93819115,63.27128301,62.41034191,66.01417287,1014.641277,,,59.29553148,5.92083954,197.8906567,6.756189091,0.9412656784,3.192837838,,,38.3272399,500,Rain,light rain,10d,39,34,11,0,44,2,39
2023,Los Angeles,34.054908,-118.242643,63.7142399,9510.884795,50.72831669,63.02604305,61.80202175,66.39639481,1014.969596,,,66.4536174,2.138334443,96.32057257,3.948552589,1.571577889,2.470555556,,,35.84897914,501,Rain,moderate rain,10d,9,47,20,0,16,31,72
2023,Palm Springs,33.830296,-116.545292,73.96656314,9939.221034,40.4463413,71.85327645,72.05059499,75.82738908,1014.057907,,,34.59078498,6.208026166,193.5284414,11.07430552,0.8888270378,2.853666667,,,11.2403868,804,Clouds,overcast clouds,04d,52,23,8,0,63,28,19
2023,Riverside,33.980601,-117.375494,65.17272982,9673.381374,48.8374361,64.26982848,63.46437892,67.24805717,1015.014013,,,60.82130045,5.628013453,176.0956278,9.855062232,0.9414488189,2.287826087,,,31.37825112,500,Rain,light rain,10d,58,37,16,0,85,17,44
2023,San Francisco,37.774929,-122.419415,57.69314726,,51.40790525,56.97570205,55.97778082,59.32105708,1016.110502,,,80.58767123,4.41964726,225.9226027,7.945807608,1.01914557,,,,53.01164384,501,Rain,moderate rain,10d,26,34,21,0,2,0,30
2023,South Lake Tahoe,38.939926,-119.977187,42.88052174,9119.639623,30.50546522,39.71871739,40.93777065,45.68219022,1016.90337,,,65.1401087,5.04196413,113.9544565,15.86134292,1.196408269,4.482972973,0.9003494347,5.275272727,34.17695652,602,Snow,heavy snow,13d,27,44,23,6,45,46,34
2024,Eureka,40.802071,-124.163673,54.52607613,9500,50.26328164,53.57736685,52.33534461,56.9514881,1016.494831,,,86.26002506,5.097935464,159.1041667,8.758607568,0.9069218501,0.9184,0.3,,54.30184837,804,Clouds,overcast clouds,04d,42,19,12,0,0,0,23
2024,Fresno,36.737798,-119.787125,68.68269775,9714.242905,49.32666513,67.4571899,66.4299646,70.51561096,1013.407356,,,56.085257,6.880049246,206.5087719,13.92601471,0.8473399015,2.09265625,,,20.75392428,800,Clear,sky is clear,01d,57,15,7,0,52,5,12
2024,Los Angeles,34.054908,-118.242643,65.70618996,9418.386675,53.70416756,65.34367193,63.66185515,68.29412767,1014.133804,,,67.67930029,2.679218966,144.8820009,4.553107536,1.721959335,2.836610169,,,32.2436704,804,Clouds,overcast clouds,04d,23,30,16,0,7,11,29
2024,Palm Springs,33.830296,-116.545292,77.97765073,9956.875162,44.02116526,76.05108404,76.1492846,79.78293033,1012.686973,,,34.89612621,5.301140269,168.5821618,11.10678265,0.6178666667,2.14,,,11.08341143,800,Clear,sky is clear,01d,83,17,2,0,19,23,9
2024,Riverside,33.980601,-117.375494,67.3591718,9614.158594,53.1307266,67.00224446,65.68720751,69.40540486,1014.080819,,,64.79356527,5.294875308,188.807266,9.776838016,1.386116643,2.471975309,,,27.69027094,800,Clear,sky is clear,01d,63,17,11,0,51,16,21
2024,San Francisco,37.774929,-122.419415,59.1283067,,53.24613722,58.56231516,57.18539004,61.01487312,1015.263471,,,81.74906015,4.751519424,239.5477757,8.1882502,1.162738462,0.7644444444,,,48.53555764,500,Rain,light rain,10d,33,7,11,0,0,0,23
2024,South Lake Tahoe,38.939926,-119.977187,47.91526087,9250.006664,32.14834183,44.79465967,46.08625637,50.78101499,1015.806447,,,58.98245877,5.523596702,110.6247376,19.11445168,0.7650232558,1.12,0.6282503771,2.031515152,28.75307346,800,Clear,sky is clear,01d,54,11,15,3,33,28,17